Date,Monthly_Return_Pct,SSE300_Close,Ambiguity_Metric,Risk_Metric,Climate_Risk_Component,Global_GPR_Component,Correlation_Adjusted_Index,Equal_Weighted_Index,GPR_Japan_x,GPR_US_x,New_Ambiguity_Metric.1,New_Risk_Metric.1,GPR_China.1,New_Ambiguity_Metric,New_Risk_Metric,GPR_China_x,Log_Monthly_Return,Ambiguity_Bins_5,Risk_Bins_5,Ambiguity_Bins_10,Risk_Bins_10,Ambiguity_Bins_15,Risk_Bins_15,Ambiguity_Bins_20,Risk_Bins_20,Ambiguity_Bins_25,Risk_Bins_25,Ambiguity_Bins_30,Risk_Bins_30,Ambiguity_Bins_35,Risk_Bins_35,Ambiguity_Bins_40,Risk_Bins_40,Ambiguity_Bins_45,Risk_Bins_45,Ambiguity_Bins_50,Risk_Bins_50,GPR_China_y,GPR_US_y,GPR_Japan_y
2018-01-01,3.73637674249008,4275.9,3.2904379616833968,0.0051685792319511,-0.3724053921586802,8.446737753371698,0.6434089977884254,4.037166180606509,472.13410666666664,203.275588,2.718473401330013,0.0142587892382062,0.5726341009140015,2.718473401330013,0.0142587892382062,0.5726341009140015,0.03668265599487994,,,,,,,,,,,,,,,,,,,,,0.5726341009140015,2.456299066543579,0.150693193078041
2018-02-01,-1.6305504225218703,4023.64,2.554281569279225,0.0149324323563225,-0.1395404973775932,6.57290970967429,0.6336189127383953,3.2166846061483483,472.422716,203.20177242857145,2.718473401330013,0.0102860852931244,0.3832004964351654,2.718473401330013,0.0102860852931244,0.3832004964351654,-0.016439901909819036,1.2013670042689852,4.61576498803585e-05,1.817382066602084,4.61576498803585e-05,1.9560115027140728,4.61576498803585e-05,2.106719567216648,4.61576498803585e-05,2.2453490033286365,4.61576498803585e-05,2.245349003328637,4.61576498803585e-05,2.314663721384631,4.61576498803585e-05,2.314663721384631,4.61576498803585e-05,2.245349003328637,4.61576498803585e-05,2.314663721384631,4.61576498803585e-05,0.3832004964351654,2.0846107006073,0.1379521787166595
2018-03-01,2.1168989643531897,3898.5,2.685850382530014,0.0096570124098463,-0.2446332824753902,4.948989287515408,0.353583171832251,2.352178002520009,472.95180566666664,203.7994847142857,,,0.7768067717552185,,,0.7768067717552185,0.020948039339248724,0.9819416009240194,5.851378079211553e-05,1.442783312158676,5.851378079211553e-05,1.6075751554588926,5.851378079211553e-05,1.6075751554588926,5.851378079211553e-05,1.5120980302146707,5.851378079211553e-05,1.6075751554588926,5.851378079211553e-05,1.6075751554588926,5.851378079211553e-05,1.6075751554588926,5.851378079211553e-05,1.6075751554588926,5.851378079211553e-05,1.6075751554588926,5.851378079211553e-05,0.7768067717552185,2.7326953411102295,0.3745318353176117
2018-04-01,-4.21315716095133,3756.88,2.97891824438606,0.0110784038563676,-0.4835886159916269,4.144822075658965,0.0495251010191377,1.830616729833669,473.171947,204.03746985714287,,,0.6782106757164001,,,0.6782106757164001,-0.04304485032793149,1.3046615296840591,8.228447058629155e-05,1.8945141848289306,8.228447058629155e-05,1.956011502714073,8.228447058629155e-05,2.2502602786175907,8.228447058629155e-05,1.9298490955258456,8.228447058629155e-05,2.2502602786175907,8.228447058629155e-05,2.2502602786175907,8.228447058629155e-05,2.2502602786175907,8.228447058629155e-05,2.3195749966735852,8.228447058629155e-05,2.3195749966735852,8.228447058629155e-05,0.6782106757164001,2.7561328411102295,0.1875901818275451
2018-05-01,1.0838023725868402,3802.38,2.8681584956831108,0.0087631265129696,-0.5001809644593489,3.9731473790811696,0.0150699195939033,1.7364832073109104,473.66968633333335,204.10862142857144,2.718473401330013,0.014509961488849,1.3966082334518433,2.718473401330013,0.014509961488849,1.3966082334518433,0.010779713281712653,1.333074293476779,8.514901562492146e-05,1.7728746523964813,8.514901562492146e-05,1.7751250090009736,8.514901562492146e-05,1.9376664956966978,8.514901562492146e-05,1.844439727056968,8.514901562492146e-05,1.9376664956966978,8.514901562492146e-05,2.0946409388260623,8.514901562492146e-05,1.9376664956966978,8.514901562492146e-05,2.0946409388260623,8.514901562492146e-05,2.006981213752692,8.514901562492146e-05,1.3966082334518433,2.992732048034668,0.4417842328548431
2018-06-01,-2.81188762280259,3510.98,2.7965175271737186,0.012433535792715,0.0982688746584234,4.228830806116539,0.574038932962713,2.163549840387481,474.0108553333334,204.0409811428571,,,0.8385446071624756,,,0.8385446071624756,-0.028521782647148993,1.4150225884935588,8.02886836705918e-05,1.7736748071641173,8.02886836705918e-05,2.0523838812249515,8.02886836705918e-05,1.983069163168957,8.02886836705918e-05,2.1513220799212713,8.02886836705918e-05,2.121698599280946,8.02886836705918e-05,2.220636797977266,8.02886836705918e-05,2.2899515160332604,8.02886836705918e-05,2.2467992051654933,8.02886836705918e-05,2.220636797977266,8.02886836705918e-05,0.8385446071624756,2.771461009979248,0.4832291007041931
2018-07-01,1.93829839522856,3517.66,2.89606558269377,0.0138647711281009,-0.4753793347736067,3.6608601050395286,0.0010446753478723,1.592740385132961,474.225148,204.2070857142857,2.718473401330013,0.0193759102197617,0.5824111700057983,2.718473401330013,0.0193759102197617,0.5824111700057983,0.019197526565815554,1.1752045970807579,0.00014313530014347904,1.7480673485460894,0.00014313530014347904,1.9419277239164314,0.00014313530014347904,2.0805571600284205,0.00014313530014347904,2.106719567216648,0.00014313530014347904,2.1760342852726424,0.00014313530014347904,2.1760342852726424,0.00014313530014347904,2.245349003328637,0.00014313530014347904,2.1760342852726424,0.00014313530014347904,2.1760342852726424,0.00014313530014347904,0.5824111700057983,2.475247621536255,0.2912055850028991
2018-08-01,-3.0399226646505304,3334.5,2.8658117324458514,0.0141371485999562,-0.2452204990399198,1.0085790893276003,-0.1008042396645437,0.3816792951438403,474.511367,204.406006,2.718473401330013,0.0117860249317476,0.6636500954627991,2.718473401330013,0.0117860249317476,0.6636500954627991,-0.030870866066853662,1.26100156517892,6.820972941044168e-05,1.8032982878044423,6.820972941044168e-05,1.8421893704524759,6.820972941044168e-05,2.0805571600284205,6.820972941044168e-05,2.0946409388260623,6.820972941044168e-05,2.2240978714293633,6.820972941044168e-05,2.1760342852726424,6.820972941044168e-05,2.3888897147295802,6.820972941044168e-05,2.3888897147295802,6.820972941044168e-05,2.3195749966735852,6.820972941044168e-05,0.6636500954627991,2.6696832180023193,0.2564102709293365
2018-09-01,4.37844579070596,3438.86,2.968481471294839,0.0117050362184755,0.574438156532259,-1.071072838245974,0.3849034455372285,-0.2483173408568574,474.7733466666666,204.2072632857143,,,0.5688447952270508,,,0.5688447952270508,0.04285301020164245,1.303450812836454,0.00010463911708732496,1.817382066602084,0.00010463911708732496,2.0161537172613797,0.00010463911708732496,2.1116308425056016,0.00010463911708732496,2.2467992051654933,0.00010463911708732496,2.2467992051654933,0.00010463911708732496,2.2467992051654933,0.00010463911708732496,2.2467992051654933,0.00010463911708732496,2.2467992051654933,0.00010463911708732496,2.3592662340892545,0.00010463911708732496,0.5688447952270508,1.86697781085968,0.1604434102773666
2018-10-01,-0.2952642325384396,3153.82,2.4962907255515123,0.0231834307973845,0.7368682475548812,-2.165129304935263,0.4026077842915327,-0.7141305286901909,475.164155,204.49599685714287,2.718473401330013,0.0181091436874601,0.7131650447845459,2.718473401330013,0.0181091436874601,0.7131650447845459,-0.0029570099732552863,1.2899219826090118,9.54856684082428e-05,1.591092905416725,9.54856684082428e-05,1.7990370595847087,9.54856684082428e-05,1.8421893704524757,9.54856684082428e-05,1.8421893704524757,9.54856684082428e-05,2.094640938826062,9.54856684082428e-05,1.8421893704524757,9.54856684082428e-05,1.9376664956966976,9.54856684082428e-05,2.094640938826062,9.54856684082428e-05,2.094640938826062,9.54856684082428e-05,0.7131650447845459,2.1537582874298096,0.1711596101522445
2018-11-01,0.0848509735428494,3172.69,2.821502439093532,0.0134960430025475,0.083189203204203,-2.1994086273680957,-0.1797270103661053,-1.0581097120819465,475.46066866666666,204.4980092857143,2.7877881193860077,0.0200544117367825,0.5520046353340149,2.7877881193860077,0.0200544117367825,0.5520046353340149,0.0008481499545469377,1.2779914688584597,0.00028179176044466333,1.7035599343404868,0.00028179176044466333,1.956011502714073,0.00028179176044466333,2.0253262207700677,0.00028179176044466333,2.094640938826062,0.00028179176044466333,2.3195749966735852,0.00028179176044466333,2.3195749966735852,0.00028179176044466333,2.38888971472958,0.00028179176044466333,2.38888971472958,0.00028179176044466333,2.38888971472958,0.00028179176044466333,0.5520046353340149,1.8739105463027952,0.174317255616188
2018-12-01,-3.8143716569862063,3010.65,2.6689139083956506,0.0106400257057676,-0.1232905697902722,-2.9654598635971356,-0.4506598413479101,-1.544375216693704,475.760347,204.79522,,,0.5407910943031311,,,0.5407910943031311,-0.038890233000519685,1.3308239368722867,0.00010703369727049505,1.6385064445042257,0.00010703369727049505,1.8429895252201118,0.00010703369727049505,1.915765316728204,0.00010703369727049505,2.011242441972426,0.00010703369727049505,2.1774844871094987,0.00010703369727049505,2.359266234089255,0.00010703369727049505,2.3854286412774823,0.00010703369727049505,2.3854286412774823,0.00010703369727049505,2.359266234089255,0.00010703369727049505,0.5407910943031311,2.30222487449646,0.0463535226881504
2019-01-01,4.67623201347196,3201.63,2.9657125661720385,0.009902837794219,-0.7133567393329738,-3.2221288345317074,-1.0023243582214596,-1.9677427869323405,476.09818433333334,204.975084,2.510529247162029,0.0100465011719267,0.8722649216651917,2.510529247162029,0.0100465011719267,0.8722649216651917,0.04570189574010761,1.3831487512487415,4.968190958732823e-05,1.8343719702816237,4.968190958732823e-05,1.7035599343404868,4.968190958732823e-05,2.0253262207700677,4.968190958732823e-05,1.956011502714073,4.968190958732823e-05,2.0946409388260623,4.968190958732823e-05,2.1639556568820564,4.968190958732823e-05,2.0946409388260623,4.968190958732823e-05,2.0946409388260623,4.968190958732823e-05,2.1639556568820564,4.968190958732823e-05,0.8722649216651917,2.365464210510254,0.1330573558807373
2019-02-01,10.74023488592063,3669.37,2.946853492026898,0.0174342442194608,0.1023367559141457,-2.3378912317070797,-0.1787357546090104,-1.117777237896467,476.4460096666666,205.20015142857144,2.4843668399738017,0.0080248206049154,0.9983633160591124,2.4843668399738017,0.0080248206049154,0.9983633160591124,0.10201704646209853,1.4432909657960482,6.990353278926479e-05,2.0854684353173742,6.990353278926479e-05,2.180945560561596,6.990353278926479e-05,2.2502602786175907,6.990353278926479e-05,2.3195749966735852,6.990353278926479e-05,2.2502602786175907,6.990353278926479e-05,2.38888971472958,6.990353278926479e-05,2.38888971472958,6.990353278926479e-05,2.3195749966735852,6.990353278926479e-05,2.3195749966735852,6.990353278926479e-05,0.9983633160591124,2.716857671737671,0.1963993459939956
2019-03-01,5.32057362616399,3872.34,2.939141414538768,0.0162337180110951,-0.5946274912772986,-2.3155466402083467,-0.7928479313555001,-1.4550870657428223,476.72755566666666,205.08710814285715,,,0.5782017707824707,,,0.5782017707824707,0.05183859513262893,1.158214693401218,0.0002888747946548431,1.4689457193469033,0.0002888747946548431,1.4978661367769954,0.0002888747946548431,1.7990370595847087,0.0002888747946548431,1.9376664956966978,0.0002888747946548431,2.0423161244496075,0.0002888747946548431,2.1774844871094987,0.0002888747946548431,2.316113923221488,0.0002888747946548431,2.2467992051654933,0.0002888747946548431,2.316113923221488,0.0002888747946548431,0.5782017707824707,2.2983522415161133,0.086730271577835
2019-04-01,-0.5236481905095596,3913.21,2.983892799771111,0.0135464426669053,-0.3737076729912181,-2.9944676500073566,-0.675574379690459,-1.6840876614992872,477.1847123333334,205.28063842857145,2.718473401330013,0.0071990537062905,0.4148739874362945,2.718473401330013,0.0071990537062905,0.4148739874362945,-0.005250240327973081,1.0250939117917865,0.00019791614563783485,1.4689457193469035,0.00019791614563783485,1.7035599343404868,0.00019791614563783485,1.7990370595847085,0.00019791614563783485,1.7297223415287142,0.00019791614563783485,1.868351777640703,0.00019791614563783485,2.1639556568820564,0.00019791614563783485,2.094640938826062,0.00019791614563783485,2.1639556568820564,0.00019791614563783485,2.094640938826062,0.00019791614563783485,0.4148739874362945,2.1665642261505127,0.276582658290863
2019-05-01,1.51492141880662,3629.79,2.551830478887866,0.0192402153089415,-0.724466526732776,-5.1017886331760325,-1.2286591349922515,-2.9131275799544043,477.616643,205.7057908571429,2.4582044327855743,0.0220374461318983,0.8356961607933044,2.4582044327855743,0.0220374461318983,0.8356961607933044,0.01503561074126087,1.094408629847781,0.00010694198562169437,1.5410184476447626,0.00010694198562169437,1.5410184476447626,0.00010694198562169437,1.7912196594138565,0.00010694198562169437,1.7912196594138565,0.00010694198562169437,1.7912196594138565,0.00010694198562169437,2.0374048491606533,0.00010694198562169437,1.7912196594138565,0.00010694198562169437,1.9560115027140732,0.00010694198562169437,2.0805571600284205,0.00010694198562169437,0.8356961607933044,2.745858907699585,0.4029249250888824
2019-06-01,1.2808259501818402,3825.59,2.779666381943468,0.0109444930984639,0.4613081298205614,-5.121293041610648,-0.1817120037339604,-2.3299924558950433,478.15996033333334,205.79538271428572,,,0.9513742327690125,,,0.9513742327690125,0.012726927490851301,1.376226604344546,0.00011758203185273063,1.9730014063936128,0.00011758203185273063,2.154783153373369,0.00011758203185273063,2.316113923221488,0.00011758203185273063,2.5240580773894714,0.00011758203185273063,2.5240580773894714,0.00011758203185273063,2.5240580773894714,0.00011758203185273063,2.5933727954454655,0.00011758203185273063,2.5933727954454655,0.00011758203185273063,2.5933727954454655,0.00011758203185273063,0.9513742327690125,2.6276049613952637,0.6946541666984558
2019-07-01,-1.08688092822523,3835.36,2.4382761753023603,0.0090277866245954,-0.1272040955236187,-4.066444232315752,-0.5809371567041336,-2.0968241639196856,478.2473943333334,205.8307348571429,2.7877881193860077,0.006964650969486,0.6628788113594055,2.7877881193860077,0.006964650969486,0.6628788113594055,-0.01092830629036376,1.0888999753452235,0.00010662428237183415,1.4717037295887678,0.00010662428237183415,1.7990370595847087,0.00010662428237183415,1.8866967846580784,0.00010662428237183415,2.0374048491606533,0.00010662428237183415,2.2453490033286365,0.00010662428237183415,2.1760342852726424,0.00010662428237183415,2.1760342852726424,0.00010662428237183415,2.1760342852726424,0.00010662428237183415,2.2453490033286365,0.00010662428237183415,0.6628788113594055,2.5410354137420654,0.4103535413742065
2019-08-01,2.32361337234415,3799.59,2.2519328650739703,0.0098064821528047,-0.353501490554679,-3.938573480996179,-0.7664404412885117,-2.146037485775429,478.677556,206.17928357142856,,,1.1367127895355225,,,1.1367127895355225,0.02297028508765185,1.333074293476779,2.964735666700491e-05,1.7912196594138565,2.964735666700491e-05,2.01615371726138,2.964735666700491e-05,2.111630842505602,2.964735666700491e-05,2.1760342852726424,2.964735666700491e-05,2.180945560561596,2.964735666700491e-05,2.180945560561596,2.964735666700491e-05,2.3195749966735852,2.964735666700491e-05,2.3195749966735852,2.964735666700491e-05,2.4582044327855743,2.964735666700491e-05,1.1367127895355225,3.3794162273406982,0.599078357219696
2019-09-01,-2.8442827932611,3814.53,2.7645008829519258,0.0072622106567704,0.2426090401917858,-0.8926184225397116,0.1118502608550156,-0.3250046911739628,478.82912366666665,206.0311502857143,2.649158683274018,0.0151262591936574,0.4964228272438049,2.649158683274018,0.0151262591936574,0.4964228272438049,-0.02885516262456225,1.237597168232557,5.2605721224275725e-05,1.6773975271522594,5.2605721224275725e-05,1.692281460717537,5.2605721224275725e-05,1.9298490955258454,5.2605721224275725e-05,2.106719567216648,5.2605721224275725e-05,2.08055716002842,5.2605721224275725e-05,2.106719567216648,5.2605721224275725e-05,2.2502602786175907,5.2605721224275725e-05,2.1547831533733692,5.2605721224275725e-05,2.3195749966735852,5.2605721224275725e-05,0.4964228272438049,2.4091107845306396,0.2482114136219024
2019-10-01,-0.27294488101656,3886.75,2.8214511211544173,0.0067001833373837,1.2183424377813137,-0.6927003673920245,0.9982230056249356,0.2628210351946445,479.161507,206.3621581428571,2.7877881193860077,0.0113594948567029,0.517092764377594,2.7877881193860077,0.0113594948567029,0.517092764377594,-0.0027331805475066776,1.094408629847781,3.8858076790994e-05,1.6922814607175372,3.8858076790994e-05,1.860534377469851,3.8858076790994e-05,1.8173820666020841,3.8858076790994e-05,1.9298490955258456,3.8858076790994e-05,1.9298490955258456,3.8858076790994e-05,1.956011502714073,3.8858076790994e-05,1.9298490955258456,3.8858076790994e-05,2.0253262207700677,3.8858076790994e-05,1.9298490955258456,3.8858076790994e-05,0.517092764377594,2.599827527999878,0.2154553234577179
2019-11-01,-1.7740835114415994,3828.67,2.8877394870875377,0.0079305741717038,0.0657153749561018,0.1390125576229496,0.074157956243979,0.1023639662895257,479.449637,206.2024798571429,,,0.4441041350364685,,,0.4441041350364685,-0.01790009008510241,1.2772884056482265,4.178992192142286e-05,1.7480673485460894,4.178992192142286e-05,2.011242441972426,4.178992192142286e-05,1.9680901311046586,4.178992192142286e-05,2.1760342852726424,4.178992192142286e-05,2.293412589485358,4.178992192142286e-05,2.38888971472958,4.178992192142286e-05,2.293412589485358,4.178992192142286e-05,2.38888971472958,4.178992192142286e-05,2.38888971472958,4.178992192142286e-05,0.4441041350364685,2.3277182579040527,0.1684532910585403
2019-12-01,5.31586230598666,4096.58,2.957506187537956,0.0066723084433118,-0.1525761218755418,0.3534957354723489,-0.0942853030785043,0.1004598067984035,479.77831633333335,206.2730972857143,2.718473401330013,0.0084945080576352,0.5560851693153381,2.718473401330013,0.0084945080576352,0.5560851693153381,0.0517938609900552,1.400138654928281,2.9870570291952e-05,1.860534377469851,2.9870570291952e-05,2.106719567216648,2.9870570291952e-05,2.106719567216648,2.9870570291952e-05,2.245349003328637,2.9870570291952e-05,2.1760342852726424,2.9870570291952e-05,2.245349003328637,2.9870570291952e-05,2.245349003328637,2.9870570291952e-05,2.38888971472958,2.9870570291952e-05,2.245349003328637,2.9870570291952e-05,0.5560851693153381,1.8271369934082031,0.1747696250677108
2020-01-01,-2.52040250039743,4003.9,2.8441053391652726,0.0087359938580942,-0.5476114997887317,-0.4303791984301921,-0.5341083445817575,-0.4889953491094619,480.1852696666666,207.16395242857143,,,0.89552241563797,,,0.89552241563797,-0.025527086295800805,1.1752045970807579,4.950259072839174e-05,1.3661588475692017,4.950259072839174e-05,1.6364955728889847,4.950259072839174e-05,1.7728746523964813,4.950259072839174e-05,2.0253262207700677,4.950259072839174e-05,2.0253262207700677,4.950259072839174e-05,2.149871878084415,4.950259072839174e-05,2.1760342852726424,4.950259072839174e-05,2.2453490033286365,4.950259072839174e-05,2.1760342852726424,4.950259072839174e-05,0.89552241563797,3.770620584487915,0.2513746917247772
2020-02-01,15.075250385146491,3940.05,2.688928735367023,0.0179120168416585,-0.0375012298691219,0.6939888070167026,0.0467539061809316,0.3282437885737903,480.563417,206.63479314285715,,,1.0351626873016355,,,1.0351626873016355,0.14041607955596197,0.799902779427117,7.053396442942237e-05,1.2706817223249798,7.053396442942237e-05,1.3661588475692017,7.053396442942237e-05,1.4354735656251965,7.053396442942237e-05,1.6075751554588926,7.053396442942237e-05,1.6768898735148872,7.053396442942237e-05,1.6768898735148872,7.053396442942237e-05,1.6768898735148872,7.053396442942237e-05,1.6768898735148872,7.053396442942237e-05,1.6768898735148872,7.053396442942237e-05,1.0351626873016355,2.2674992084503174,0.4272100031375885
2020-03-01,-2.5795982651085807,3686.16,2.3350712120799773,0.0215961947255631,-1.419898146800896,1.646758135205981,-1.0666718152991717,0.1134299942025425,480.831932,206.7985222857143,2.718473401330013,0.0092887165469833,0.9335943460464478,2.718473401330013,0.0092887165469833,0.9335943460464478,-0.026134533876753973,1.2052156773503675,0.00013695262253136934,1.5274896174173205,0.00013695262253136934,1.7912196594138565,0.00013695262253136934,1.9419277239164314,0.00013695262253136934,2.0374048491606533,0.00013695262253136934,2.0374048491606533,0.00013695262253136934,2.106719567216648,0.00013695262253136934,2.2502602786175907,0.00013695262253136934,2.38888971472958,0.00013695262253136934,2.2502602786175907,0.00013695262253136934,0.9335943460464478,2.845957040786743,0.3162174224853515
2020-04-01,7.381420770309719,3912.58,2.267091071547548,0.0098512651123794,-1.5605059009241733,3.030036839316708,-1.0317539239742102,0.7347654691962674,481.0961236666667,206.84362585714285,2.527519150841569,0.0100493265908381,0.9231234788894652,2.527519150841569,0.0100493265908381,0.9231234788894652,0.07121699015655118,1.392321254757429,0.00027252186111584564,1.7650572522256291,0.00027252186111584564,1.8866967846580784,0.00027252186111584564,2.180945560561596,0.00027252186111584564,2.180945560561596,0.00027252186111584564,2.250260278617591,0.00027252186111584564,2.3195749966735852,0.00027252186111584564,2.3195749966735852,0.00027252186111584564,2.3195749966735852,0.00027252186111584564,2.3195749966735852,0.00027252186111584564,0.9231234788894652,2.406174421310425,0.1815980672836303
2020-05-01,-1.9799260534492495,3867.02,2.712114241134141,0.00761510097856,-1.1290926879721686,2.5164838516262287,-0.7091846484417687,0.6936955818270301,481.407313,207.047342,,,1.084441900253296,,,1.084441900253296,-0.019997892104293962,1.444646069133884,5.119631363019956e-05,2.0161537172613797,5.119631363019956e-05,2.3195749966735852,5.119631363019956e-05,2.3195749966735852,5.119631363019956e-05,2.4582044327855743,5.119631363019956e-05,2.4582044327855743,5.119631363019956e-05,2.4582044327855743,5.119631363019956e-05,2.4582044327855743,5.119631363019956e-05,2.4582044327855743,5.119631363019956e-05,2.4582044327855743,5.119631363019956e-05,1.084441900253296,2.7038750648498535,0.0867553502321243
2020-06-01,6.04777738840515,4163.96,2.508023041363219,0.008257623288099,-0.8323126382290018,2.4428620868076147,-0.4550685499561646,0.8052747242893065,481.7515686666666,207.17626571428573,2.7877881193860077,0.009240143754617,0.6881785988807678,2.7877881193860077,0.009240143754617,0.6881785988807678,0.05871953665498013,1.2052156773503675,8.582241494140737e-05,1.6525902233018674,8.582241494140737e-05,1.891053111376833,8.582241494140737e-05,1.8343719702816237,8.582241494140737e-05,1.9865302366210549,8.582241494140737e-05,2.1547831533733692,8.582241494140737e-05,2.111630842505602,8.582241494140737e-05,2.1547831533733692,8.582241494140737e-05,2.2502602786175907,8.582241494140737e-05,2.1547831533733692,8.582241494140737e-05,0.6881785988807678,2.3398072719573975,0.1070500090718269
2020-07-01,9.70901353828045,4695.05,3.1121842938994417,0.020274304164314,-1.2037854299382365,2.078175683056498,-0.8257596658914763,0.4371951265591307,482.1600123333333,207.2858765714286,2.7877881193860077,0.0072906846803085,0.8861320614814758,2.7877881193860077,0.0072906846803085,0.8861320614814758,0.09266134326210401,1.3592367006650063,5.399509331141385e-05,1.6103331657007571,5.399509331141385e-05,1.705810290944979,5.399509331141385e-05,1.705810290944979,5.399509331141385e-05,1.7751250090009736,5.399509331141385e-05,1.705810290944979,5.399509331141385e-05,1.7751250090009736,5.399509331141385e-05,1.956011502714073,5.399509331141385e-05,2.0253262207700673,5.399509331141385e-05,2.0253262207700673,5.399509331141385e-05,0.8861320614814758,2.215330123901367,0.1919952780008316
2020-08-01,0.7598398149453498,4816.22,3.0910053319281445,0.0107294395773716,-0.895113750025098,0.1100886237307673,-0.779331636137118,-0.3925125631471653,482.4840193333334,207.4088082857143,2.649158683274018,0.0094295592907731,0.5569837093353271,2.649158683274018,0.0094295592907731,0.5569837093353271,0.00756967572674693,1.1058898790247633,0.00033404489561467306,1.5671808548329897,0.00033404489561467306,1.7736748071641173,0.00033404489561467306,2.011242441972426,0.00033404489561467306,2.2240978714293633,0.00033404489561467306,2.2240978714293633,0.00033404489561467306,2.3195749966735852,0.00033404489561467306,2.293412589485358,0.00033404489561467306,2.3195749966735852,0.00033404489561467306,2.2240978714293633,0.00033404489561467306,0.5569837093353271,1.9851471185684204,0.2427877783775329
2020-09-01,-3.4702033681833098,4587.4,2.9513372552873873,0.0114779489242983,0.6959930150580559,-0.1910243550346857,0.5938237913812748,0.2524843300116851,482.79253666666665,207.71297,2.830940430253775,0.0104764024365273,0.6860551834106445,2.830940430253775,0.0104764024365273,0.6860551834106445,-0.035318451917141204,1.4263010621165084,0.00010091163131152676,1.7650572522256291,0.00010091163131152676,2.106719567216648,0.00010091163131152676,2.106719567216648,0.00010091163131152676,2.1760342852726424,0.00010091163131152676,2.1760342852726424,0.00010091163131152676,2.1760342852726424,0.00010091163131152676,2.3195749966735852,0.00010091163131152676,2.3195749966735852,0.00010091163131152676,2.3195749966735852,0.00010091163131152676,0.6860551834106445,2.147650957107544,0.1938851624727249
2020-10-01,2.0891318205797695,4695.33,2.682512767245245,0.0094567115624927,-0.0554154860792733,-0.4767628277699319,-0.1039474903559304,-0.2660891569246026,483.0586553333333,207.73343528571428,,,0.2679452896118164,,,0.2679452896118164,0.02067608709731133,1.094408629847781,6.484659751369841e-05,1.6604076234727196,6.484659751369841e-05,1.860534377469851,6.484659751369841e-05,1.9298490955258456,6.484659751369841e-05,2.176034285272642,6.484659751369841e-05,2.0253262207700677,6.484659751369841e-05,2.2453490033286365,6.484659751369841e-05,2.2453490033286365,6.484659751369841e-05,2.2453490033286365,6.484659751369841e-05,2.314663721384631,6.484659751369841e-05,0.2679452896118164,1.9602313041687012,0.0705119147896766
2020-11-01,2.12196321058942,4960.25,2.915936479468969,0.0093118220779738,-0.1804237787409129,-1.3492312157201922,-0.3150503965390917,-0.7648274972305525,483.39987533333334,207.74929,2.6923109941417858,0.0182540951730355,0.4027446210384369,2.6923109941417858,0.0182540951730355,0.4027446210384369,0.02099763074593146,1.4263010621165086,3.6660858047164304e-05,1.860534377469851,3.6660858047164304e-05,2.0854684353173742,3.6660858047164304e-05,2.0805571600284205,3.6660858047164304e-05,2.149871878084415,3.6660858047164304e-05,2.293412589485358,3.6660858047164304e-05,2.149871878084415,3.6660858047164304e-05,2.149871878084415,3.6660858047164304e-05,2.38888971472958,3.6660858047164304e-05,2.245349003328637,3.6660858047164304e-05,0.4027446210384369,1.819809079170227,0.0894988030195236
2020-12-01,4.158073616597779,5211.29,3.1858874036953404,0.0088179393433026,-0.8925042127633072,-1.649109360536971,-0.9796521798541988,-1.2708067866501391,483.723923,207.98784199999997,2.7877881193860077,0.0108393318269973,0.4795050323009491,2.7877881193860077,0.0108393318269973,0.4795050323009491,0.04073949783683589,1.3500641971563185,6.079541835902237e-05,1.7990370595847087,6.079541835902237e-05,1.956011502714073,6.079541835902237e-05,2.094640938826062,6.079541835902237e-05,2.2453490033286365,6.079541835902237e-05,2.2453490033286365,6.079541835902237e-05,2.2453490033286365,6.079541835902237e-05,2.2453490033286365,6.079541835902237e-05,2.38888971472958,6.079541835902237e-05,2.38888971472958,6.079541835902237e-05,0.4795050323009491,2.0262954235076904,0.0773395225405693
2021-01-01,4.20090433785262,5351.96,3.1866977942512458,0.0127896098757276,-0.5968658904668693,-4.078704722194015,-0.9979141476932628,-2.337785306330442,484.08909833333337,208.173864,,,0.5164251923561096,,,0.5164251923561096,0.04115062215966211,1.333074293476779,5.7954650592008944e-05,1.8464505986722093,5.7954650592008944e-05,1.8294606949926697,5.7954650592008944e-05,2.2240978714293633,5.7954650592008944e-05,2.2502602786175907,5.7954650592008944e-05,2.154783153373369,5.7954650592008944e-05,2.3195749966735852,5.7954650592008944e-05,2.3195749966735852,5.7954650592008944e-05,2.3195749966735852,5.7954650592008944e-05,2.3195749966735852,5.7954650592008944e-05,0.5164251923561096,2.2234973907470703,0.1434514373540878
2021-02-01,-0.7781602367306194,5336.76,3.0037390393738312,0.014216457513544,0.4826957121022221,-5.1009264690143405,-0.1604420242980119,-2.309115378456059,484.44597066666665,208.23542914285713,,,0.5529354214668274,,,0.5529354214668274,-0.007812037024754088,1.4001386549282813,0.0001209767368043776,1.7912196594138565,0.0001209767368043776,2.106719567216648,0.0001209767368043776,2.106719567216648,0.0001209767368043776,2.2502602786175907,0.0001209767368043776,2.4582044327855743,0.0001209767368043776,2.38888971472958,0.0001209767368043776,2.314663721384631,0.0001209767368043776,2.4582044327855743,0.0001209767368043776,2.4582044327855743,0.0001209767368043776,0.5529354214668274,1.870222806930542,0.1301024556159973
2021-03-01,-4.39942041176785,5048.36,2.7433676681912296,0.0177175974482182,0.2957197685100354,-6.734964704992601,-0.5140947839367328,-3.219622468241283,484.86604366666666,208.47701442857144,2.4843668399738017,0.0172496192926436,0.7567888498306274,2.4843668399738017,0.0172496192926436,0.7567888498306274,-0.04499130331070189,1.0250939117917865,0.00014510407975819732,1.4354735656251965,0.00014510407975819732,1.504788283681191,0.00014510407975819732,1.6075751554588926,0.00014510407975819732,1.6768898735148872,0.00014510407975819732,1.6768898735148872,0.00014510407975819732,1.6768898735148872,0.00014510407975819732,1.6768898735148872,0.00014510407975819732,1.6768898735148872,0.00014510407975819732,1.6768898735148872,0.00014510407975819732,0.7567888498306274,1.9439085721969604,0.2225849479436874
2021-04-01,1.7867596524421203,5123.49,3.059998575112413,0.0096314319265257,-0.108633159901733,-7.324883032107149,-0.9398216711524344,-3.716758096004441,485.11713633333335,208.7815962857143,2.6923109941417858,0.0084785433750898,0.5830903649330139,2.6923109941417858,0.0084785433750898,0.5830903649330139,0.01770984731626892,1.392321254757429,0.0001298573055143528,1.6229667426615426,0.0001298573055143528,2.011242441972426,0.0001298573055143528,1.9680901311046588,0.0001298573055143528,2.106719567216648,0.0001298573055143528,2.2240978714293633,0.0001298573055143528,2.176034285272642,0.0001298573055143528,2.106719567216648,0.0001298573055143528,2.3195749966735852,0.0001298573055143528,2.1760342852726424,0.0001298573055143528,0.5830903649330139,2.132883310317993,0.0767224207520484
2021-05-01,5.81670054464347,5331.57,3.0222560146159645,0.0114463015218794,0.5356638522769485,-8.907651696304903,-0.5520445185665769,-4.185993922013977,485.4311623333333,208.87484471428567,2.857102837442002,0.0097232806888473,0.4451698958873749,2.857102837442002,0.0097232806888473,0.4451698958873749,0.05653817111749252,1.370515174287956,7.021030892725663e-05,1.8464505986722093,7.021030892725663e-05,2.029682547488822,7.021030892725663e-05,2.194474390789038,7.021030892725663e-05,2.194474390789038,7.021030892725663e-05,2.28995151603326,7.021030892725663e-05,2.28995151603326,7.021030892725663e-05,2.3854286412774823,7.021030892725663e-05,2.3854286412774823,7.021030892725663e-05,2.454743359333477,7.021030892725663e-05,0.4451698958873749,2.522629499435425,0.0890339836478233
2021-06-01,-1.5825971874329998,5224.04,3.008980238629584,0.0068146701287782,0.4467426181500568,-9.264569205094505,-0.6718343379700968,-4.408913293472224,485.747099,208.95411171428572,2.622996276085791,0.0071811071577337,0.5518763661384583,2.622996276085791,0.0071811071577337,0.5518763661384583,-0.015952539716099036,0.9819416009240194,9.322303360557606e-05,1.5410184476447624,9.322303360557606e-05,1.7480673485460891,9.322303360557606e-05,1.8775242811493909,9.322303360557606e-05,1.7912196594138565,9.322303360557606e-05,1.8866967846580784,9.322303360557606e-05,1.9298490955258456,9.322303360557606e-05,2.111630842505602,9.322303360557606e-05,1.8605343774698508,9.322303360557606e-05,1.9560115027140728,9.322303360557606e-05,0.5518763661384583,2.1286659240722656,0.0788394808769226
2021-07-01,-6.05589359271246,4811.17,3.002701064459268,0.012932864015874,0.2293649279871118,-10.10030037214345,-0.9604357683002448,-4.935467722078169,486.07193,208.85840457142857,,,0.4611836969852447,,,0.4611836969852447,-0.062470193258751694,1.0627375681569962,4.6989539320519654e-05,1.4427833121586762,4.6989539320519654e-05,1.7912196594138565,4.6989539320519654e-05,1.7990370595847087,4.6989539320519654e-05,2.0253262207700673,4.6989539320519654e-05,2.0253262207700677,4.6989539320519654e-05,1.956011502714073,4.6989539320519654e-05,2.0253262207700677,4.6989539320519654e-05,2.0253262207700673,4.6989539320519654e-05,2.1639556568820564,4.6989539320519654e-05,0.4611836969852447,1.6756341457366943,0.0768639519810676
2021-08-01,4.370760929254979,4805.61,2.9473960662909833,0.0124872151276947,-0.9659728898918356,-10.83210151024626,-2.1023820920380016,-5.899037200069047,486.395665,209.22953942857143,2.718473401330013,0.0085960235395619,0.4856650531291961,2.718473401330013,0.0085960235395619,0.4856650531291961,0.04277938250671399,1.0888999753452235,0.00015797874421333896,1.4717037295887678,0.00015797874421333896,1.8032982878044421,0.00015797874421333896,1.8421893704524759,0.00015797874421333896,2.0805571600284205,0.00015797874421333896,2.0805571600284205,0.00015797874421333896,2.1760342852726424,0.00015797874421333896,2.1286207461851414,0.00015797874421333896,2.2240978714293633,0.00015797874421333896,2.3195749966735852,0.00015797874421333896,0.4856650531291961,2.130659580230713,0.046999841928482
2021-09-01,4.27928557021964,4866.38,2.9750833575869615,0.0088381794248307,0.3899124151539653,-11.307972450059426,-0.9574837640372718,-5.45903001745273,486.904888,209.45086828571428,2.4582044327855743,0.0113872820741258,0.6832298040390015,2.4582044327855743,0.0113872820741258,0.6832298040390015,0.04190255198181569,1.3195454632493369,9.589438521674591e-05,1.638506444504226,9.589438521674591e-05,1.8464505986722095,9.589438521674591e-05,2.1116308425056016,9.589438521674591e-05,2.3195749966735852,9.589438521674591e-05,2.3195749966735852,9.589438521674591e-05,2.3195749966735852,9.589438521674591e-05,2.3195749966735852,9.589438521674591e-05,2.38888971472958,9.589438521674591e-05,2.38888971472958,9.589438521674591e-05,0.6832298040390015,2.329192638397217,0.3260869681835174
2021-10-01,1.48162595542416,4908.77,2.7102900868903057,0.0083945252288427,1.0644289911505695,-10.094443580411497,-0.2208821946105622,-4.515007294630464,487.121631,209.442425,,,0.5788067579269409,,,0.5788067579269409,0.01470757103702234,1.289921982609012,4.1458246124543335e-05,1.6773975271522594,4.1458246124543335e-05,1.8683517776407033,4.1458246124543335e-05,1.8683517776407033,4.1458246124543335e-05,1.8683517776407033,4.1458246124543335e-05,1.9376664956966978,4.1458246124543335e-05,2.0253262207700677,4.1458246124543335e-05,2.0253262207700677,4.1458246124543335e-05,2.0946409388260623,4.1458246124543335e-05,2.0946409388260623,4.1458246124543335e-05,0.5788067579269409,1.9293558597564695,0.1632531881332397
2021-11-01,0.4208180832864703,4832.03,2.9075099812871894,0.0069452353633902,-1.3268025846473843,-9.778803785048751,-2.3003285045174136,-5.552803184848068,487.412523,209.72811242857145,2.857102837442002,0.0062169180200633,0.5034919381141663,2.857102837442002,0.0062169180200633,0.5034919381141663,0.004199351202357531,1.5260394155804642,4.062247672649321e-05,1.8945141848289306,4.062247672649321e-05,2.0854684353173742,4.062247672649321e-05,2.154783153373369,4.062247672649321e-05,2.3195749966735852,4.062247672649321e-05,2.154783153373369,4.062247672649321e-05,2.3195749966735852,4.062247672649321e-05,2.2240978714293633,4.062247672649321e-05,2.3195749966735852,4.062247672649321e-05,2.3195749966735852,4.062247672649321e-05,0.5034919381141663,1.9002760648727417,0.0812083780765533
2021-12-01,1.4656726467728702,4940.37,2.994370586125067,0.0079047767947969,-1.383953984346229,-9.994757044073165,-2.3757711612229,-5.689355514209697,487.8311983333333,210.17072428571427,2.622996276085791,0.0088804905750601,0.6255012154579163,2.622996276085791,0.0088804905750601,0.6255012154579163,0.014550354766650338,1.158214693401218,1.665189372712804e-05,1.7035599343404868,1.665189372712804e-05,1.705810290944979,1.665189372712804e-05,1.956011502714073,1.665189372712804e-05,2.1116308425056016,1.665189372712804e-05,1.956011502714073,1.665189372712804e-05,1.956011502714073,1.665189372712804e-05,2.0253262207700677,1.665189372712804e-05,2.0253262207700677,1.665189372712804e-05,2.3195749966735852,1.665189372712804e-05,0.6255012154579163,2.502004861831665,0.2566158771514892
2022-01-01,-6.876034928915351,4563.77,3.092048966530324,0.0100642388510855,-0.0558918865692477,-9.392217574086375,-1.1312768560738269,-4.724054730327812,488.1376016666666,210.78775557142856,,,0.5946640968322754,,,0.5946640968322754,-0.07123862268075597,1.3994886078590607,5.540347329144355e-05,1.5430293192600038,5.540347329144355e-05,1.9468389992053854,5.540347329144355e-05,1.8987754130486645,5.540347329144355e-05,2.011242441972426,5.540347329144355e-05,2.180945560561596,5.540347329144355e-05,2.2502602786175907,5.540347329144355e-05,2.2502602786175907,5.540347329144355e-05,2.3195749966735852,5.540347329144355e-05,2.3195749966735852,5.540347329144355e-05,0.5946640968322754,3.0697524547576904,0.160720020532608
2022-02-01,0.6528340262378804,4581.65,2.7082467622767235,0.0107640882405539,-0.95280781786226,-8.154519305694118,-1.7823217559929267,-4.553663561778189,488.742503,211.97475714285716,2.5968338688975634,0.0076272242697313,1.2469236850738523,2.5968338688975634,0.0076272242697313,1.2469236850738523,0.006507122941618221,1.4001386549282813,8.209657372011241e-05,1.4956157801725032,8.209657372011241e-05,1.9298490955258454,8.209657372011241e-05,1.7728746523964811,8.209657372011241e-05,1.99916381358184,8.209657372011241e-05,2.094640938826062,8.209657372011241e-05,2.094640938826062,8.209657372011241e-05,2.094640938826062,8.209657372011241e-05,2.094640938826062,8.209657372011241e-05,2.094640938826062,8.209657372011241e-05,1.2469236850738523,4.331418991088867,0.6234618425369263
2022-03-01,-7.708375354984046,4222.6,2.5870401829707093,0.0170341928177844,0.8214160310017645,-4.7030653945276235,0.1850902977141281,-1.9408246817629295,489.0502946666666,213.45050214285715,2.649158683274018,0.00805798434105,1.8261394500732424,2.649158683274018,0.00805798434105,1.8261394500732424,-0.08021678917050148,1.3705151742879562,6.105961013944056e-05,1.8775242811493909,6.105961013944056e-05,2.154783153373369,6.105961013944056e-05,2.2240978714293633,6.105961013944056e-05,2.293412589485358,6.105961013944056e-05,2.2240978714293633,6.105961013944056e-05,2.38888971472958,6.105961013944056e-05,2.38888971472958,6.105961013944056e-05,2.3195749966735852,6.105961013944056e-05,2.38888971472958,6.105961013944056e-05,1.8261394500732424,6.006640434265137,0.4527618587017059
2022-04-01,2.4285733387059296,4016.24,2.845878980503472,0.0173878679266706,-1.4959752772007018,1.1976815242615344,-1.1857121036302636,-0.1491468764695837,489.180371,212.12632842857144,,,1.0752688646316528,,,1.0752688646316528,0.023995524204669397,1.1205710370360085,0.00034125001238508615,1.7615961787735315,0.00034125001238508615,1.9298490955258456,0.00034125001238508615,2.154783153373369,0.00034125001238508615,2.08055716002842,0.00034125001238508615,2.2502602786175907,0.00034125001238508615,2.149871878084415,0.00034125001238508615,2.2240978714293633,0.00034125001238508615,2.454743359333477,0.00034125001238508615,2.38888971472958,0.00034125001238508615,1.0752688646316528,4.525758266448975,0.2728294134140014
2022-05-01,5.08331202522862,4091.52,2.6166566174979953,0.0133085828777279,-3.037046864571048,4.252644265528062,-2.197399177031544,0.6077987004785068,489.69847766666663,211.575859,2.553681558029796,0.0076152731338367,1.0244989395141602,2.553681558029796,0.0076152731338367,1.0244989395141602,0.04958329741540804,1.2772884056482265,0.0002651891344606265,1.7480673485460896,0.0002651891344606265,2.011242441972426,0.0002651891344606265,2.149871878084415,0.0002651891344606265,2.08055716002842,0.0002651891344606265,2.149871878084415,0.0002651891344606265,2.245349003328637,0.0002651891344606265,2.38888971472958,0.0002651891344606265,2.38888971472958,0.0002651891344606265,2.38888971472958,0.0002651891344606265,1.0244989395141602,3.563474416732788,0.6087601780891418
2022-06-01,12.534353091368642,4485.01,3.1309248985038147,0.0106217013171754,-0.4932535410607068,6.846096721623718,0.3521140288573958,3.176421590281506,489.9502253333333,211.64754457142857,2.293412589485358,0.0323163604465215,0.9876543283462524,2.293412589485358,0.0323163604465215,0.9876543283462524,0.11808834985542525,1.2348391579906925,7.718310819041973e-05,1.7912196594138565,7.718310819041973e-05,1.9298490955258456,7.718310819041973e-05,2.2502602786175907,7.718310819041973e-05,2.3195749966735852,7.718310819041973e-05,2.3195749966735852,7.718310819041973e-05,2.3195749966735852,7.718310819041973e-05,2.3195749966735852,7.718310819041973e-05,2.38888971472958,7.718310819041973e-05,2.38888971472958,7.718310819041973e-05,0.9876543283462524,3.564814805984497,0.5092592835426331
2022-07-01,-7.04149182922944,4170.1,3.006018898551081,0.0090751285986545,-0.9168060969133944,9.831953801670602,0.3212671261753738,4.457573852378604,490.136413,211.67154514285716,,,0.8302004933357239,,,0.8302004933357239,-0.07301694109017082,1.5217781873607306,8.916664794203852e-05,1.9730014063936128,8.916664794203852e-05,2.2899515160332604,8.916664794203852e-05,2.4547433593334764,8.916664794203852e-05,2.3854286412774823,8.916664794203852e-05,2.4547433593334764,8.916664794203852e-05,2.5933727954454655,8.916664794203852e-05,2.524058077389471,8.916664794203852e-05,2.5933727954454655,8.916664794203852e-05,2.5933727954454655,8.916664794203852e-05,0.8302004933357239,3.4774436950683594,0.2349624037742614
2022-08-01,0.3214110482904998,4078.84,3.037705361660719,0.0099421364566762,-0.4228187205141731,11.829198559893207,0.98840403139524,5.7031899196895175,490.752986,211.9956105714286,,,1.3558781147003174,,,1.3558781147003174,0.003208956270991602,1.2013670042689852,4.199872684028433e-05,1.5410184476447626,4.199872684028433e-05,1.7728746523964813,4.199872684028433e-05,1.8421893704524759,4.199872684028433e-05,2.0946409388260623,4.199872684028433e-05,2.0946409388260623,4.199872684028433e-05,2.0946409388260623,4.199872684028433e-05,2.2240978714293633,4.199872684028433e-05,2.2240978714293633,4.199872684028433e-05,2.1639556568820564,4.199872684028433e-05,1.3558781147003174,4.290955543518066,0.7497208714485168
2022-09-01,-5.27984595165097,3804.89,2.9482195366750164,0.0080650140323358,-0.550521083933197,15.22448941615849,1.2664902065209298,7.3369841661126465,490.8841203333333,212.2263317142857,,,1.2601120471954346,,,1.2601120471954346,-0.05424338849868216,1.370515174287956,3.837505811691106e-05,1.5387680910402701,3.837505811691106e-05,1.9680901311046588,3.837505811691106e-05,2.0374048491606533,3.837505811691106e-05,2.250260278617591,3.837505811691106e-05,2.1760342852726424,3.837505811691106e-05,2.2502602786175907,3.837505811691106e-05,2.3195749966735857,3.837505811691106e-05,2.3888897147295802,3.837505811691106e-05,2.4582044327855743,3.837505811691106e-05,1.2601120471954346,4.029246807098389,0.3578095734119415
2022-10-01,-5.11452764587573,3508.7,2.9799728500796836,0.0131832931923797,-0.6470368760181595,18.477940966113348,1.5558333324445217,8.915452045047594,491.3171396666667,212.65007514285713,,,1.3505311012268066,,,1.3505311012268066,-0.05249957581965208,1.370515174287956,6.0055896468809376e-05,1.7650572522256291,6.0055896468809376e-05,1.956011502714073,6.0055896468809376e-05,2.1760342852726424,6.0055896468809376e-05,2.245349003328637,6.0055896468809376e-05,2.245349003328637,6.0055896468809376e-05,2.3146637213846315,6.0055896468809376e-05,2.3146637213846315,6.0055896468809376e-05,2.3146637213846315,6.0055896468809376e-05,2.3146637213846315,6.0055896468809376e-05,1.3505311012268066,4.643399238586426,0.5311077237129211
2022-11-01,10.851063643715818,3853.04,2.5595838181091763,0.0144835698197969,-0.5985746388300315,22.79784699229324,2.0962928073582967,11.099636176731604,491.53684666666663,212.248533,,,1.140918850898743,,,1.140918850898743,0.10301734537069134,1.135900959294373,0.00019126560817721698,1.4978661367769954,0.00019126560817721698,1.705810290944979,0.00019126560817721698,1.9850800347841986,0.00019126560817721698,2.08055716002842,0.00019126560817721698,2.011242441972426,0.00019126560817721698,2.2240978714293633,0.00019126560817721698,2.0805571600284205,0.00019126560817721698,2.245349003328637,0.00019126560817721698,2.3888897147295802,0.00019126560817721698,1.140918850898743,3.6077706813812256,0.3083564639091491
2022-12-01,-0.4537365512470899,3871.63,2.7343439035317414,0.008970895463195,0.1185352293599553,24.57210729922677,2.935168317662714,12.345321264293364,491.8156913333333,212.32374,,,0.746640145778656,,,0.746640145778656,-0.004547690599668869,1.1393620327464706,8.706131850168034e-05,1.6080828090962647,8.706131850168034e-05,1.610333165700757,8.706131850168034e-05,1.7728746523964811,8.706131850168034e-05,1.9157653167282038,8.706131850168034e-05,1.9376664956966978,8.706131850168034e-05,1.9157653167282038,8.706131850168034e-05,2.011242441972426,8.706131850168034e-05,1.9850800347841984,8.706131850168034e-05,2.011242441972426,8.706131850168034e-05,0.746640145778656,3.434544563293457,0.1991040259599685
2023-01-01,3.2930433661072103,4156.86,2.937948932892788,0.0068898386073054,0.2795354404223277,25.174719356847053,3.147034657225562,12.727127398634693,492.1504333333333,212.22111514285712,,,0.5522088408470154,,,0.5522088408470154,0.032399843882447835,1.070047314690476,3.5092495751624867e-05,1.5217781873607306,3.5092495751624867e-05,1.7771358806162147,3.5092495751624867e-05,1.9419277239164312,3.5092495751624867e-05,1.9419277239164312,3.5092495751624867e-05,2.180945560561596,3.5092495751624867e-05,2.180945560561596,3.5092495751624867e-05,2.2502602786175907,3.5092495751624867e-05,2.2502602786175907,3.5092495751624867e-05,2.2502602786175907,3.5092495751624867e-05,0.5522088408470154,2.928380250930786,0.2175368070602417
2023-02-01,-0.4169779989228604,4069.46,2.7584915215136627,0.009830612680808,0.1348992347797205,22.414820877487227,2.7011649862350047,11.274860056133472,492.548553,212.67052028571428,,,1.4616755247116089,,,1.4616755247116089,-0.004178497764383871,1.2013670042689852,3.239499656333541e-05,1.4689457193469035,3.239499656333541e-05,1.4689457193469035,3.239499656333541e-05,1.6075751554588926,3.239499656333541e-05,1.6768898735148872,3.239499656333541e-05,1.6075751554588926,3.239499656333541e-05,1.6075751554588926,3.239499656333541e-05,1.6075751554588926,3.239499656333541e-05,1.6075751554588926,3.239499656333541e-05,1.6768898735148872,3.239499656333541e-05,1.4616755247116089,3.6185383796691895,0.3921568691730499
2023-03-01,-0.4018390141422401,4050.93,2.9631587708862916,0.0076237020285362,1.0359988571605474,19.357209253001795,3.146288808716243,10.19660405508117,492.860076,212.7201227142857,,,1.4299967288970947,,,1.4299967288970947,-0.004026485565412521,1.26100156517892,7.312256066610585e-05,1.8343719702816235,7.312256066610585e-05,1.9298490955258456,7.312256066610585e-05,2.1760342852726424,7.312256066610585e-05,2.245349003328637,7.312256066610585e-05,2.245349003328637,7.312256066610585e-05,2.314663721384631,7.312256066610585e-05,2.4582044327855743,7.312256066610585e-05,2.4582044327855743,7.312256066610585e-05,2.4582044327855743,7.312256066610585e-05,1.4299967288970947,3.4253408908843994,0.3325573801994324
2023-04-01,0.3920604585066,4029.09,3.0962956193435813,0.0068770722992124,0.3766992878314498,18.63787540120074,2.48007431726616,9.507287344516095,493.2402583333333,212.696219,,,1.1246145963668823,,,1.1246145963668823,0.003912939044080784,1.4702535277519118,3.3196396041113274e-05,1.8032982878044423,3.3196396041113274e-05,2.1944743907890385,3.3196396041113274e-05,2.059306028129147,3.3196396041113274e-05,2.2240978714293633,3.3196396041113274e-05,2.4547433593334764,3.3196396041113274e-05,2.4547433593334764,3.3196396041113274e-05,2.4547433593334764,3.3196396041113274e-05,2.524058077389471,3.3196396041113274e-05,2.524058077389471,3.3196396041113274e-05,1.1246145963668823,3.1743152141571045,0.3446399271488189
2023-05-01,-4.79731864784112,3798.54,3.0696692170855204,0.008006939779005,0.5033787241728377,17.95223849025894,2.5131888095826014,9.227808607215886,493.62669,212.83645942857143,,,0.8981497883796692,,,0.8981497883796692,-0.04916207912355719,1.2779914688584597,5.4041232943311606e-05,1.7990370595847087,5.4041232943311606e-05,2.006981213752692,5.4041232943311606e-05,2.006981213752692,5.4041232943311606e-05,2.1639556568820564,5.4041232943311606e-05,2.2453490033286365,5.4041232943311606e-05,2.2453490033286365,5.4041232943311606e-05,2.2453490033286365,5.4041232943311606e-05,2.2453490033286365,5.4041232943311606e-05,2.3146637213846315,5.4041232943311606e-05,0.8981497883796692,3.125561237335205,0.3772229254245758
2023-06-01,2.63855126122379,3842.45,2.907691549650359,0.0084818649307519,1.0672266787615363,17.266438546714856,2.93309870847325,9.166832612738196,493.79375333333337,213.15054814285713,,,1.094619631767273,,,1.094619631767273,0.02604341946152844,1.2348391579906925,4.037557013550075e-05,1.5910929054167249,4.037557013550075e-05,1.860534377469851,4.037557013550075e-05,2.011242441972426,4.037557013550075e-05,2.106719567216648,4.037557013550075e-05,2.0805571600284205,4.037557013550075e-05,2.1760342852726424,4.037557013550075e-05,2.1760342852726424,4.037557013550075e-05,2.1760342852726424,4.037557013550075e-05,2.3195749966735852,4.037557013550075e-05,1.094619631767273,3.5992579460144043,0.1855287551879882
2023-07-01,3.03836649439436,4014.63,2.5384439533340277,0.008805925022009,0.8786223092023691,17.65315498900886,2.8107614523822084,9.265888649105616,494.1863263333333,213.219989,,,1.229966402053833,,,1.229966402053833,0.029931223121117227,1.26100156517892,5.121274870752632e-05,1.6364955728889847,5.121274870752632e-05,1.8866967846580784,5.121274870752632e-05,1.7990370595847087,5.121274870752632e-05,2.0253262207700673,5.121274870752632e-05,1.956011502714073,5.121274870752632e-05,2.106719567216648,5.121274870752632e-05,2.0253262207700673,5.121274870752632e-05,2.176034285272642,5.121274870752632e-05,2.0253262207700673,5.121274870752632e-05,1.229966402053833,3.391725778579712,0.2981736958026886
2023-08-01,-8.639306596160056,3765.27,2.601134892623537,0.0091772923171211,-0.4408539700488429,15.89515175980902,1.440774371935622,7.727148894880088,494.4652006666667,213.11621257142855,,,0.8068953156471252,,,0.8068953156471252,-0.09035485031234664,1.1058898790247633,8.471587555461757e-05,1.5571130980576455,8.471587555461757e-05,1.7480673485460891,8.471587555461757e-05,1.765057252225629,8.471587555461757e-05,1.860534377469851,8.471587555461757e-05,1.8866967846580784,8.471587555461757e-05,2.0253262207700677,8.471587555461757e-05,2.1760342852726424,8.471587555461757e-05,2.1760342852726424,8.471587555461757e-05,2.1760342852726424,8.471587555461757e-05,0.8068953156471252,2.6407482624053955,0.1650467664003372
2023-09-01,-1.45468510965543,3689.52,2.890258927982647,0.0082364113362513,0.5043159008742664,13.68350887381162,2.022333428074117,7.093912387342943,494.83165533333334,213.23665914285715,,,0.7795100212097168,,,0.7795100212097168,-0.014653693952274683,1.4320124921730986,5.8652870576137174e-05,1.920676592017158,5.8652870576137174e-05,2.154783153373369,5.8652870576137174e-05,2.3195749966735852,5.8652870576137174e-05,2.3195749966735852,5.8652870576137174e-05,2.3195749966735852,5.8652870576137174e-05,2.359266234089255,5.8652870576137174e-05,2.454743359333477,5.8652870576137174e-05,2.454743359333477,5.8652870576137174e-05,2.454743359333477,5.8652870576137174e-05,0.7795100212097168,2.505568027496338,0.2227171510457992
2023-10-01,-2.5787188450087304,3572.51,2.6672190250064016,0.007363434026251,0.2152553369601053,10.505214458278465,1.4004825608429812,5.360234897619285,495.14663,214.05049328571428,,,0.975350260734558,,,0.975350260734558,-0.026125506854539675,1.070047314690476,3.0539425802706266e-05,1.6525902233018672,3.0539425802706266e-05,1.7219049413578622,3.0539425802706266e-05,1.9298490955258456,3.0539425802706266e-05,1.9680901311046588,3.0539425802706266e-05,1.9298490955258456,3.0539425802706266e-05,2.0805571600284205,3.0539425802706266e-05,2.0805571600284205,3.0539425802706266e-05,2.1760342852726424,3.0539425802706266e-05,2.149871878084415,3.0539425802706266e-05,0.975350260734558,4.965419292449951,0.1950700432062149
2023-11-01,-3.3867777987766705,3496.2,2.7798465386305407,0.0062688602042547,0.2349506901573482,11.570763350081894,1.5406423465550425,5.902857020119621,495.53556366666663,213.9306172857143,,,0.8242284655570984,,,0.8242284655570984,-0.03445457834719383,1.2348391579906925,5.5457210204607994e-05,1.6908312588806806,5.5457210204607994e-05,2.059306028129147,5.5457210204607994e-05,2.154783153373369,5.5457210204607994e-05,2.2240978714293633,5.5457210204607994e-05,2.2240978714293633,5.5457210204607994e-05,2.2240978714293633,5.5457210204607994e-05,2.2240978714293633,5.5457210204607994e-05,2.38888971472958,5.5457210204607994e-05,2.3195749966735852,5.5457210204607994e-05,0.8242284655570984,5.002875328063965,0.2875215709209442
2023-12-01,0.3506551805909129,3431.11,2.850816886990132,0.0076154022129708,-1.5148535205689533,13.44185618832735,0.2079035203186889,5.963501333879198,495.777565,214.05159257142856,,,0.7623403668403625,,,0.7623403668403625,0.003500418187510457,1.4964159349401391,2.1824250943396823e-05,2.0593060281291473,2.1824250943396823e-05,2.177484487109499,2.1824250943396823e-05,2.359266234089255,2.1824250943396823e-05,2.454743359333477,2.1824250943396823e-05,2.359266234089255,2.1824250943396823e-05,2.5240580773894714,2.1824250943396823e-05,2.5240580773894714,2.1824250943396823e-05,2.5240580773894714,2.1824250943396823e-05,2.5240580773894714,2.1824250943396823e-05,0.7623403668403625,4.478749752044678,0.1524680703878402
2024-01-01,-1.3555110858652746,3215.35,3.1705922207213977,0.0108087168050685,-0.9131064884845236,15.289085536781773,0.9531088043575048,7.187989524148625,496.1886283333333,214.191242,,,0.7966805100440979,,,0.7966805100440979,-0.013647820116623832,1.158214693401218,5.984060569172145e-05,1.6364955728889845,5.984060569172145e-05,1.8683517776407033,5.984060569172145e-05,2.0112424419724255,5.984060569172145e-05,2.1067195672166474,5.984060569172145e-05,2.2453490033286365,5.984060569172145e-05,2.176034285272642,5.984060569172145e-05,2.1760342852726424,5.984060569172145e-05,2.176034285272642,5.984060569172145e-05,2.2453490033286365,5.984060569172145e-05,0.7966805100440979,4.049792766571045,0.3153527081012726
2024-02-01,10.91044603761514,3516.08,3.1714486242444297,0.0106076245258645,-0.0440519800857947,14.995467846640476,1.688243369448933,7.47570793327734,496.42140166666667,214.2687994285714,,,0.6699879765510559,,,0.6699879765510559,0.10355289723813632,1.376226604344546,0.00010207765147517069,1.8726130058604369,0.00010207765147517069,1.956011502714073,0.00010207765147517069,2.011242441972426,0.00010207765147517069,2.0253262207700677,0.00010207765147517069,2.2502602786175907,0.00010207765147517069,2.245349003328637,0.00010207765147517069,2.2502602786175907,0.00010207765147517069,2.3195749966735852,0.00010207765147517069,2.2502602786175907,0.00010207765147517069,0.6699879765510559,3.762240171432495,0.120254248380661
2024-03-01,2.6199227449965696,3537.48,3.353368077553924,0.0077076438835191,-0.2429663240575964,14.238703082426614,1.4250742021945408,6.997868379184509,496.7716096666666,214.21244342857145,,,0.7568590641021729,,,0.7568590641021729,0.025861906699450637,1.0250939117917865,5.417150427962252e-05,1.3661588475692017,5.417150427962252e-05,1.4354735656251965,5.417150427962252e-05,1.6075751554588926,5.417150427962252e-05,1.6075751554588926,5.417150427962252e-05,1.6768898735148872,5.417150427962252e-05,1.6768898735148872,5.417150427962252e-05,1.844439727056968,5.417150427962252e-05,1.7751250090009736,5.417150427962252e-05,1.7751250090009736,5.417150427962252e-05,0.7568590641021729,3.3585619926452637,0.1734468638896942
2024-04-01,4.802012768544918,3604.39,2.8504489357129055,0.0091597933639444,0.0613741916032705,13.826614774841389,1.646894375910954,6.94399448322233,497.1836863333333,214.69185314285713,,,0.6323847770690918,,,0.6323847770690918,0.04690279152114769,1.2348391579906925,4.08817567454935e-05,1.7912196594138565,4.08817567454935e-05,2.0854684353173747,4.08817567454935e-05,2.154783153373369,4.08817567454935e-05,2.2240978714293633,4.08817567454935e-05,2.154783153373369,4.08817567454935e-05,2.154783153373369,4.08817567454935e-05,2.154783153373369,4.08817567454935e-05,2.154783153373369,4.08817567454935e-05,2.2240978714293633,4.08817567454935e-05,0.6323847770690918,3.844233751296997,0.2662672698497772
2024-05-01,-0.8170818426753996,3579.92,2.7306623920238544,0.0077101369705971,-1.0829549455908145,14.146377404079995,0.671203558789852,6.531711229244591,497.4420096666667,214.67215885714288,,,0.8587943911552429,,,0.8587943911552429,-0.008204382519408469,1.370515174287956,6.769201945562185e-05,1.7912196594138565,6.769201945562185e-05,1.9298490955258456,6.769201945562185e-05,2.1760342852726424,6.769201945562185e-05,2.0805571600284205,6.769201945562185e-05,2.1760342852726424,6.769201945562185e-05,2.2453490033286365,6.769201945562185e-05,2.1760342852726424,6.769201945562185e-05,2.245349003328637,6.769201945562185e-05,2.245349003328637,6.769201945562185e-05,0.8587943911552429,3.74896788597107,0.1486374884843826
2024-06-01,0.12271796274675,3461.66,3.1106971483784274,0.0046891324258447,-0.2889593408555254,13.93636412377824,1.3495545191163163,6.823702391461357,497.81995133333334,214.53997857142855,,,0.6829918622970581,,,0.6829918622970581,0.0012264272580138032,1.487798380001651,3.253027591140928e-05,1.9680901311046588,3.253027591140928e-05,2.1116308425056016,3.253027591140928e-05,2.2502602786175907,3.253027591140928e-05,2.316113923221488,3.253027591140928e-05,2.3195749966735852,3.253027591140928e-05,2.3854286412774823,3.253027591140928e-05,2.454743359333477,3.253027591140928e-05,2.454743359333477,3.253027591140928e-05,2.5240580773894714,3.253027591140928e-05,0.6829918622970581,3.08179235458374,0.1999000459909439
2024-07-01,3.17923178816225,3442.08,3.0768307525325316,0.006652919137788,-0.2976777679332468,12.846876708393754,1.2163499971409304,6.274599470230254,498.09828866666663,214.3467,,,0.47161865234375,,,0.47161865234375,0.03129740444464063,1.392321254757429,1.5066369854335422e-05,1.8987754130486643,1.5066369854335422e-05,1.898775413048664,1.5066369854335422e-05,2.2240978714293633,1.5066369854335422e-05,2.180945560561596,1.5066369854335422e-05,2.106719567216648,1.5066369854335422e-05,2.2502602786175907,1.5066369854335422e-05,2.3195749966735852,1.5066369854335422e-05,2.3195749966735852,1.5066369854335422e-05,2.38888971472958,1.5066369854335422e-05,0.47161865234375,2.4759979248046875,0.1347481906414032
2024-08-01,-1.34475086654189,3321.43,2.9019100874886417,0.0065081951978314,-0.8775021591663761,12.244535011928862,0.6339319976286512,5.683516426381243,498.39450966666664,215.01141114285716,,,0.5922026634216309,,,0.5922026634216309,-0.01353874526999161,1.3046615296840591,6.241409945280258e-05,1.5910929054167249,6.241409945280258e-05,1.4616359728134236,6.241409945280258e-05,1.8775242811493909,6.241409945280258e-05,1.8987754130486643,6.241409945280258e-05,1.9730014063936128,6.241409945280258e-05,1.9172155185650603,6.241409945280258e-05,1.9730014063936128,6.241409945280258e-05,2.0423161244496075,6.241409945280258e-05,2.2240978714293633,6.241409945280258e-05,0.5922026634216309,3.65191650390625,0.0822503715753555
2024-09-01,12.559314806228013,4017.85,2.9055692577682213,0.0104243226590854,-0.1811941416151222,13.06150901541002,1.344138672097258,6.440157436897448,498.7914229999999,215.02465428571423,,,0.6975585222244263,,,0.6975585222244263,0.11831013943480206,1.2206072645530173,2.562691415529887e-05,1.7339835697484476,2.562691415529887e-05,2.0854684353173742,2.562691415529887e-05,2.154783153373369,2.562691415529887e-05,2.154783153373369,2.562691415529887e-05,2.2502602786175907,2.562691415529887e-05,2.2502602786175907,2.562691415529887e-05,2.2502602786175907,2.562691415529887e-05,2.3195749966735852,2.562691415529887e-05,2.2502602786175907,2.562691415529887e-05,0.6975585222244263,3.30509877204895,0.1660853624343872
2024-10-01,-9.38163997421082,3891.04,2.898825110367964,0.0263493248695695,-0.4798710631612906,10.93095145938566,0.8344604459502594,5.225540198112185,499.15834866666665,215.1453454285714,,,0.7274490594863892,,,0.7274490594863892,-0.09851334417848043,0.799902779427117,0.0005180918130647561,0.9836002995230935,0.0005180918130647561,1.3661588475692017,0.0005180918130647561,1.347306186914454,0.0005180918130647561,1.5410184476447624,0.0005180918130647561,1.6364955728889847,0.0005180918130647561,1.7990370595847087,0.0005180918130647561,1.7990370595847087,0.0005180918130647561,1.6364955728889847,0.0005180918130647561,1.7990370595847087,0.0005180918130647561,0.7274490594863892,3.1522793769836426,0.2586485743522644
2024-11-01,3.452006352223701,3916.58,3.3879427454966216,0.0133960379434087,-0.394028552312596,8.82147513158021,0.667439789705782,4.213723289633807,499.4530813333334,215.48481342857147,,,0.8202099800109863,,,0.8202099800109863,0.033937612430313534,1.1024288055726656,0.00014799196081531632,1.4978661367769954,0.00014799196081531632,1.7035599343404868,0.00014799196081531632,1.9419277239164312,0.00014799196081531632,2.011242441972426,0.00014799196081531632,2.0805571600284205,0.00014799196081531632,2.180945560561596,0.00014799196081531632,2.3195749966735852,0.00014799196081531632,2.3195749966735852,0.00014799196081531632,2.38888971472958,0.00014799196081531632,0.8202099800109863,3.34645676612854,0.1640419960021972
2024-12-01,-0.4668021613847599,3995.64,3.017839723354553,0.0083771134670552,-1.487148312721004,7.744720208270016,-0.4237950214803277,3.1287859477745057,499.78814266666666,215.865077,,,0.7962610125541687,,,0.7962610125541687,-0.004678950851951489,1.303450812836454,0.00010989652979242356,1.7912196594138565,0.00010989652979242356,1.9419277239164314,0.00010989652979242356,2.180945560561596,0.00010989652979242356,2.1760342852726424,0.00010989652979242356,2.106719567216648,0.00010989652979242356,2.3195749966735852,0.00010989652979242356,2.3195749966735852,0.00010989652979242356,2.3195749966735852,0.00010989652979242356,2.1760342852726424,0.00010989652979242356,0.7962610125541687,4.0332350730896,0.1557902097702026
