date,ambiguity_metric,risk
2018-01-09,3.321430242304072,0.0017383918259038763
2018-01-10,3.566195910837833,0.0016636217444958572
2018-01-11,3.2200643423366073,0.0028787585929508403
2018-01-12,3.1193766691143265,0.0028001134309180056
2018-01-15,3.5641700577556317,0.0032287469208659584
2018-01-16,3.1862288490082893,0.0034994450946163273
2018-01-17,3.5056448252671206,0.00421283328709151
2018-01-18,3.2631554262182214,0.00419911706723661
2018-01-19,3.1001418483356833,0.004121669849805843
2018-01-22,3.0697888159801727,0.005353603617539184
2018-01-23,3.1611780106288747,0.005812671549240233
2018-01-24,3.167699091743966,0.004510531545702513
2018-01-25,3.2966270570796565,0.007164626730539802
2018-01-26,3.197251474540476,0.007150426831395589
2018-01-29,3.416702948169176,0.010914002095966536
2018-01-30,3.3775225774006787,0.008960564099753302
2018-01-31,3.4042672018969564,0.00965672265914813
2018-02-01,3.34225176442954,0.009691519065482691
2018-02-02,2.8850445479331674,0.010260931045451619
2018-02-05,2.737189018523572,0.007292083711007476
2018-02-06,2.853438861930124,0.014496392786634732
2018-02-07,3.030357154743492,0.015301033992192865
2018-02-08,2.6348062040310145,0.015192574484845567
2018-02-09,2.9849500096226773,0.016961283977110445
2018-02-12,2.1821218144189585,0.02119073800033848
2018-02-13,1.9492750426789083,0.023733013400591276
2018-02-14,1.7092748514221532,0.02347307538424616
2018-02-22,1.7420460330267187,0.02565414212862572
2018-02-23,2.505133216839284,0.00642631886142777
2018-02-26,2.832690078399818,0.006395263761485806
2018-02-27,2.6754115355921444,0.01321768108099822
2018-02-28,2.2502334055968065,0.014700433664399852
2018-03-01,2.4385964227032244,0.010951183123010227
2018-03-02,2.359239070449789,0.011058046488562156
2018-03-05,2.462419914741799,0.008208549702590376
2018-03-06,2.4776004094249444,0.009021515315703173
2018-03-07,2.788128051015546,0.008694558011653315
2018-03-08,2.715970684383576,0.009449926179942286
2018-03-09,3.152127556600715,0.008004856054299523
2018-03-12,3.029431326530559,0.007671214102068554
2018-03-13,2.99369702909646,0.008759172520587992
2018-03-14,2.8378761516434254,0.008105384342992628
2018-03-15,2.9654567586650664,0.0071384433473603804
2018-03-16,2.9005479538929437,0.007264213885468949
2018-03-19,3.3798961374940273,0.007220426587076647
2018-03-20,3.2210405539812528,0.006376092472371751
2018-03-21,3.047367721179813,0.006334243920829113
2018-03-22,3.0531550621857217,0.006370748948207418
2018-03-23,2.741141742146252,0.013028045100036034
2018-03-26,2.304513753065252,0.01134593490320573
2018-03-27,1.8783255693542433,0.013474910691449548
2018-03-28,1.9339633230242224,0.013866773697802204
2018-03-29,2.2094704266154297,0.017664470816014476
2018-03-30,2.1987427974660596,0.012445562805388248
2018-04-02,2.4345964263906836,0.012111072004933015
2018-04-03,2.7969861765456705,0.011406362692236417
2018-04-04,2.7741554651569946,0.0075803660644411025
2018-04-09,2.816021365787561,0.0028010200317653182
2018-04-10,2.738464050042978,0.01015399173841492
2018-04-11,2.798390760463665,0.009841104385342907
2018-04-12,2.8145292619302182,0.010803307884864556
2018-04-13,2.672372453527904,0.011477946667642791
2018-04-16,3.220425880089169,0.013828238089367412
2018-04-17,3.1571155864609626,0.007771526305608724
2018-04-18,3.4473225511483685,0.008504965844167904
2018-04-19,3.0643814051083025,0.01253906214713828
2018-04-20,3.313438662903974,0.01317266491552358
2018-04-23,3.3480459355846444,0.011996110060425785
2018-04-24,3.0157642007530767,0.0126542612971537
2018-04-25,2.923417365728982,0.013279254929927554
2018-04-26,2.9877506549617174,0.015327412100009478
2018-04-27,3.2973501963642153,0.014162602255654468
2018-05-02,2.8726761914474785,0.014173107914063126
2018-05-03,3.5519912286372968,0.010134559147396952
2018-05-04,3.2156851004678524,0.010175287269233384
2018-05-07,3.252631382741782,0.007898518957948915
2018-05-08,3.2256660859367363,0.008137453826494053
2018-05-09,3.0593431195471057,0.008787513845033528
2018-05-10,2.988822397459008,0.008710612380137484
2018-05-11,3.0548026762914144,0.00881078411673579
2018-05-14,2.6211557587468075,0.007208042660134077
2018-05-15,2.559425471865819,0.0058394890305035795
2018-05-16,2.5983295321036906,0.007379227783389554
2018-05-17,2.539020730813493,0.00770133913051784
2018-05-18,2.681503569036619,0.008809359471782227
2018-05-21,2.601095596585381,0.007970287597394958
2018-05-22,2.4394007365949184,0.007945427208407324
2018-05-23,2.7650399610711984,0.009339642038683408
2018-05-24,2.606702579421488,0.009297024254135993
2018-05-25,2.798694489441395,0.006517915765873422
2018-05-28,3.238853970407858,0.006425187053017168
2018-05-29,3.403595287446109,0.006548192527347672
2018-05-30,2.6820975471841906,0.0093450372930204
2018-05-31,2.342953491780791,0.015634774014082184
2018-06-01,2.382252702865939,0.015970844511793036
2018-06-04,2.2269055047124326,0.016706650240505168
2018-06-05,2.0365543665928794,0.01686817842083275
2018-06-06,2.569819782101157,0.011541337471707347
2018-06-07,3.044547341746658,0.008058283234176634
2018-06-08,3.047573992990799,0.00974827196132113
2018-06-11,3.1523694610847492,0.008292266522978892
2018-06-12,3.22711238694552,0.009084451107259665
2018-06-13,3.107332390225191,0.009940580220017715
2018-06-14,3.071278408599284,0.00994312198689371
2018-06-15,3.25473291721793,0.008348791988873635
2018-06-19,3.0539102547778256,0.017140989557086657
2018-06-20,2.570800827160112,0.01492595717861092
2018-06-21,2.6961375481489354,0.01494141586427505
2018-06-22,2.6026254632166803,0.016264183413734593
2018-06-25,2.4179723201512062,0.016235608552822713
2018-06-26,2.9992101521516528,0.008591105495592548
2018-06-27,2.7239495095198163,0.009122330000874842
2018-06-28,2.781499248531856,0.009074414410470267
2018-06-29,2.9637659647337538,0.017871933714475565
2018-07-02,3.0119628833624654,0.02083953885665431
2018-07-03,3.5297514957873486,0.021224534203246583
2018-07-04,3.1370623180223762,0.020321245622480156
2018-07-05,3.081653950670712,0.02015784582503761
2018-07-06,3.340624375066631,0.013921219356051262
2018-07-09,2.885562805839872,0.015798069571309557
2018-07-10,2.849418982821711,0.015737425971241493
2018-07-11,2.3570686648734,0.016852797462797896
2018-07-12,2.189509833358658,0.017712033165992763
2018-07-13,1.8674357040878204,0.01785138710455596
2018-07-16,2.2705177367072014,0.014259165345696287
2018-07-17,2.088111163928073,0.014569079660344769
2018-07-18,3.2156318697921242,0.011950770225551272
2018-07-19,3.289969151865636,0.0042034671970683
2018-07-20,3.5405495499940405,0.010726434659125504
2018-07-23,3.2425646118085822,0.010785905459749785
2018-07-24,3.1247506934148577,0.010419178505642888
2018-07-25,2.6785776638686163,0.00924461357122253
2018-07-26,2.8486991965351622,0.012584404774788832
2018-07-27,2.9198631131095665,0.010958577421776965
2018-07-30,3.1325156518627297,0.010089308416800072
2018-07-31,3.1116414024853567,0.004817962441086879
2018-08-01,3.199785329077799,0.008424020354541019
2018-08-02,3.459802706991283,0.010755589562337213
2018-08-03,3.123079102521117,0.010662246073965197
2018-08-06,3.5154565008531047,0.009049757410016086
2018-08-07,3.189064406911058,0.021342475674725785
2018-08-08,3.0693088590787942,0.020887125318194096
2018-08-09,2.9717232748302145,0.02322824770169784
2018-08-10,2.833795303177606,0.02093602554024613
2018-08-13,2.6091242872327145,0.019395690833463538
2018-08-14,2.7238808973304964,0.015305825811404945
2018-08-15,2.7676293832434458,0.01764440738894993
2018-08-16,2.9334019279334473,0.00986997503620882
2018-08-17,2.3287810401827094,0.008639649009685765
2018-08-20,2.592395154155188,0.013225957180550314
2018-08-21,2.28275541793698,0.01757460115112844
2018-08-22,2.1732063790439122,0.013422335008425549
2018-08-23,2.9915912238783537,0.013053270847312226
2018-08-24,2.8424589971424425,0.009221606907104121
2018-08-27,2.9562232774856003,0.012427577342574981
2018-08-28,2.7438434792067588,0.011717600924048352
2018-08-29,2.726956617554208,0.011387468108987204
2018-08-30,2.8040501830544553,0.013309143463895284
2018-08-31,3.0753560974328837,0.01367382114953111
2018-09-03,3.1148911555840764,0.003226946653978484
2018-09-04,3.184234961435779,0.008694434045704223
2018-09-05,3.183379223050021,0.01175834506973768
2018-09-06,3.188800492365136,0.011793779285451672
2018-09-07,3.3344454443019167,0.012591357532168522
2018-09-10,2.970559791875191,0.013556357421716127
2018-09-11,3.0720005752456845,0.00969877966351563
2018-09-12,3.074910147086743,0.007479800300651308
2018-09-13,2.9402002648875865,0.009817868589593956
2018-09-14,2.6677749811638485,0.009454078383657881
2018-09-17,2.648462355974477,0.008509163104221725
2018-09-18,2.7711820762599992,0.012867907275105953
2018-09-19,2.942863878901028,0.012180421767743314
2018-09-20,2.8625660827093338,0.012338718679848766
2018-09-21,3.204838889680205,0.016585388533845478
2018-09-25,2.7448174329599926,0.015795666955893628
2018-09-26,3.088895497930202,0.01495448268510628
2018-09-27,2.663182932993988,0.01570808131324607
2018-09-28,2.743141770196731,0.015384110889850464
2018-10-08,2.3629029801044017,0.02202329155434911
2018-10-09,2.260714233928347,0.02214171761757287
2018-10-10,2.2915438578553635,0.020418405822746497
2018-10-11,2.682975633420565,0.026800670743844405
2018-10-12,2.6371910593797523,0.028002327801058713
2018-10-15,2.245140845251006,0.023602874016689823
2018-10-16,2.3245718622610942,0.02309480826789009
2018-10-17,2.4972612627082924,0.024112653083812084
2018-10-18,2.557889306469568,0.015368509114322373
2018-10-19,2.8328632174716684,0.020657655836885804
2018-10-22,2.6190486167988443,0.027224360697042628
2018-10-23,2.55137303504305,0.031132840769949537
2018-10-24,2.8092791150333056,0.03118852987798562
2018-10-25,2.556336105834083,0.027203854808518068
2018-10-26,2.2111123341238548,0.025390196845818943
2018-10-29,2.448134714859033,0.015479153935135794
2018-10-30,2.6964301528670616,0.01569820817852803
2018-10-31,2.348464726517933,0.017761695380772824
2018-11-01,2.98580624631912,0.01823012589757576
2018-11-02,2.481159575412104,0.023879444811829444
2018-11-05,2.3871750918356045,0.01578546596487427
2018-11-06,2.3148355481964638,0.017749377369748923
2018-11-07,2.196672230266381,0.01852664473365805
2018-11-08,2.170899179904895,0.018679430626506743
2018-11-09,2.7515532850152686,0.004157634138703132
2018-11-12,2.941077053105047,0.009564892145124635
2018-11-13,3.0801418409529107,0.011094909426329427
2018-11-14,2.691769796427037,0.011676530962112236
2018-11-15,2.866291650739254,0.012851411206282233
2018-11-16,2.9869727892927527,0.009237226672706092
2018-11-19,2.982600188859254,0.009144720679097973
2018-11-20,2.9504365743793493,0.015137076732189645
2018-11-21,2.9069539679962215,0.014301581431987606
2018-11-22,2.688004298965085,0.013153717431735767
2018-11-23,3.106089579811769,0.015181481156840662
2018-11-26,2.964746506741748,0.012192560412085045
2018-11-27,3.1027434160485554,0.009721080470706763
2018-11-28,3.3654360104617194,0.01259040286417499
2018-11-29,2.943127090246653,0.0133972960149556
2018-11-30,3.2085617390805083,0.010659934906822953
2018-12-03,2.4037262400980866,0.015462727377071753
2018-12-04,2.2561992719612562,0.01504936154633397
2018-12-05,2.0007646497407627,0.01570322320455989
2018-12-06,2.01251696263124,0.01837756901310972
2018-12-07,1.7614061842417548,0.017795089873953184
2018-12-10,2.760500163390699,0.009620970653816258
2018-12-11,2.529769938685351,0.010325717282089083
2018-12-12,2.4818288012751357,0.011301041004513908
2018-12-13,3.0190667145824355,0.009731490611788221
2018-12-14,2.8905615595908833,0.013065222809697788
2018-12-17,2.941256209756923,0.011719652673334286
2018-12-18,3.160162798771446,0.012462799509718944
2018-12-19,2.9506096580582843,0.012702837671320116
2018-12-20,3.3152345762268816,0.005611830416328047
2018-12-21,3.28092418691866,0.004468470835705865
2018-12-24,3.0685843527618575,0.006319933940391955
2018-12-25,3.0145813329826625,0.006168085335120561
2018-12-26,2.6133114223676177,0.0055889831355287155
2018-12-27,2.408842819972066,0.005531686148985225
2018-12-28,2.508430323899005,0.005793821071985878
2019-01-02,2.379277777733325,0.007356050926892175
2019-01-03,2.722964273981715,0.0073150905248564385
2019-01-04,2.9600730820214505,0.014110083970639141
2019-01-07,2.808179443231045,0.013715517451557937
2019-01-08,2.635327061313708,0.01389455804803703
2019-01-09,2.805254169004467,0.010658613717175351
2019-01-10,2.569760170155653,0.010721200776258254
2019-01-11,3.1462299652582004,0.00555209580761332
2019-01-14,2.6260765127703762,0.007633885093207475
2019-01-15,3.0029653965087704,0.01095186825841311
2019-01-16,2.9229809920400776,0.01075463986680778
2019-01-17,3.1345423906424315,0.011298569907862944
2019-01-18,3.5806339463772328,0.01332892813892614
2019-01-21,3.334805189328261,0.011051883369853226
2019-01-22,3.1827435373199915,0.011880449606948925
2019-01-23,3.1641253985333613,0.011903927592733727
2019-01-24,3.3784637882732294,0.011451669279555156
2019-01-25,3.1429218813948125,0.008657778671719435
2019-01-28,2.8323096670794072,0.008291790298968576
2019-01-29,3.196990188901101,0.00378702542268389
2019-01-30,2.753763440821791,0.006256334795100467
2019-01-31,2.965288183094434,0.007290469947010065
2019-02-01,2.7939099349875622,0.008799314113696893
2019-02-11,2.82401428023005,0.010335385044251253
2019-02-12,3.009791029062707,0.010056974487412823
2019-02-13,3.0224164955229864,0.005301651486640564
2019-02-14,3.0778320422434278,0.007757235492099411
2019-02-15,3.25612288705661,0.01560358725560601
2019-02-18,2.4799002896660847,0.019205723365200635
2019-02-19,2.97777576308138,0.01976136182886556
2019-02-20,2.676099535165968,0.018288828315644236
2019-02-21,2.9046345928934625,0.018488065320971893
2019-02-22,2.849957584410836,0.01565509235723046
2019-02-25,3.0302647140764405,0.026224158535519376
2019-02-26,3.449646623794584,0.028296702322984757
2019-02-27,3.0948185727471964,0.028884663429335104
2019-02-28,2.755618035464172,0.028854919936454625
2019-03-01,2.8962261666808136,0.028808376240349282
2019-03-04,3.2425992497474594,0.013332426595715008
2019-03-05,2.9132014200155387,0.010148196614321255
2019-03-06,2.929227251890548,0.008890923832341472
2019-03-07,3.171789951999095,0.011651309729328794
2019-03-08,2.747341710597974,0.02127960689950184
2019-03-11,2.5434911248961525,0.023054106233269967
2019-03-12,2.3983893887717036,0.023159117677016457
2019-03-13,2.5821739812236886,0.02229420195779994
2019-03-14,2.407956302993994,0.022199522731724635
2019-03-15,3.230190914833256,0.01222273574526618
2019-03-18,3.1271200117814018,0.015162988346431048
2019-03-19,3.1667507588209105,0.01595264386510563
2019-03-20,3.4853131674322047,0.014665538674574785
2019-03-21,3.178297924732301,0.013370173793343623
2019-03-22,3.4291465828302203,0.013425204765602904
2019-03-25,2.949523454329299,0.010297216214361056
2019-03-26,2.8413429585359493,0.010558316544335429
2019-03-27,2.819261576593103,0.013349309046872909
2019-03-28,2.7907777681538755,0.013067283329934891
2019-03-29,2.8718480384546408,0.024018879395802856
2019-04-01,2.8947199109137225,0.02068006038122317
2019-04-02,2.6553621608216487,0.018024003806792557
2019-04-03,2.7614495237485546,0.01798612871099652
2019-04-04,2.997789829422162,0.015251849154886346
2019-04-08,3.0769267664284845,0.01128775487395824
2019-04-09,2.9689360261648154,0.006260153980596746
2019-04-10,3.009395229467544,0.005659079973924884
2019-04-11,3.014051044669698,0.012117657163329966
2019-04-12,2.8291028996351844,0.010426922505398815
2019-04-15,2.553386556628774,0.010350106248604567
2019-04-16,2.7281823381144727,0.01772304604621751
2019-04-17,2.6061569967426577,0.017690617134164068
2019-04-18,2.3866885667865017,0.013490082618119896
2019-04-19,2.6135823090971106,0.013398144062887966
2019-04-22,3.414743653479528,0.01885275674789474
2019-04-23,3.4978781234049845,0.012630210905492253
2019-04-24,3.4926769271798883,0.012844337935111236
2019-04-25,3.2370855568537995,0.015490062083113194
2019-04-26,3.2495478152704727,0.01167852991023419
2019-04-29,3.5414653575330366,0.010957086951462301
2019-04-30,3.1326212028302898,0.01167670481060526
2019-05-06,2.624961491955922,0.02528535717127499
2019-05-07,2.3662543865196795,0.0277563299941081
2019-05-08,2.332538463055018,0.027778647389763277
2019-05-09,2.301436028844188,0.026667940113478398
2019-05-10,2.4849750321807935,0.03523739367041882
2019-05-13,2.2478919520407876,0.02362519698554387
2019-05-14,2.1552708373961518,0.02293889662742379
2019-05-15,2.04337711512993,0.0246008863992532
2019-05-16,1.8920062437213585,0.021415241158752756
2019-05-17,2.297349504273217,0.018680646990754408
2019-05-20,3.3279997509239534,0.017678673953321608
2019-05-21,2.8227967951182835,0.018834694838313442
2019-05-22,3.061467562364436,0.01466431066227103
2019-05-23,2.817676312073548,0.014792417622731504
2019-05-24,2.7619350013605755,0.011863138575474675
2019-05-27,2.9377126372353755,0.012976532511137999
2019-05-28,2.675573735846111,0.012134100060942518
2019-05-29,2.638362577018469,0.011922743253597668
2019-05-30,2.562549756927063,0.007718123095823667
2019-05-31,2.6844743937724633,0.008233035104446838
2019-06-03,2.7651634802506013,0.006049061226945373
2019-06-04,2.7322227237190297,0.003783302678928142
2019-06-05,2.833598688347628,0.004088019194954711
2019-06-06,2.9905109538188133,0.004675493449507051
2019-06-10,3.121048590365411,0.009066972503459784
2019-06-11,3.132112365520398,0.016723207948413338
2019-06-12,2.7881522843505673,0.016386682688071454
2019-06-13,3.058412865540233,0.01649419264831713
2019-06-14,2.873738642015872,0.016340573561023496
2019-06-17,3.0244870088596034,0.01581136520627851
2019-06-18,3.1982764262257897,0.005046477015605048
2019-06-19,1.8569008788090018,0.007864884057151285
2019-06-20,2.6633460769246,0.01477370875129186
2019-06-21,2.080530942625029,0.0126267347390024
2019-06-24,1.9772544158692265,0.012281473885184326
2019-06-25,2.4326446856039055,0.015332941639900467
2019-06-26,3.000938071328669,0.015359555415016603
2019-06-27,3.1657429503574477,0.007591185939401334
2019-06-28,3.1185792063940747,0.007649536322363755
2019-07-01,2.401500022137944,0.015313185573635665
2019-07-02,1.9749634851996027,0.013228657008185945
2019-07-03,2.1203142669471715,0.015280743568235711
2019-07-04,2.16920307061819,0.015529655254953964
2019-07-05,1.9848174613682268,0.015351061643630683
2019-07-08,2.953476258537123,0.011014478685530404
2019-07-09,2.572672040535327,0.01061454956974535
2019-07-10,2.5924897708429864,0.010627065806856377
2019-07-11,2.6156926094013047,0.010874088132837932
2019-07-12,2.505755878267328,0.011109409587810594
2019-07-15,2.9177436867025954,0.0038122865330599298
2019-07-16,2.169493782308913,0.004358183060472459
2019-07-17,2.2848418350800435,0.0042311800771803925
2019-07-18,2.1193537344307245,0.006381235788499656
2019-07-19,2.345285942058589,0.007718911067062792
2019-07-22,2.7288953936479277,0.007827642282654956
2019-07-23,2.490678153021841,0.007903830638731494
2019-07-24,2.333477277811282,0.008834483930974326
2019-07-25,2.4330795617356107,0.007005933583189842
2019-07-26,2.3448020077797205,0.006124024215556911
2019-07-29,2.6289555233781514,0.00406676976571593
2019-07-30,2.5626579471583844,0.0039621569069500095
2019-07-31,2.8302023229852997,0.00646955968422452
2019-08-01,2.697545868341565,0.0059706925157477315
2019-08-02,2.1543857785339124,0.007378739963805508
2019-08-05,2.40478559660541,0.008785139615645327
2019-08-06,2.596523086449262,0.00452319873517026
2019-08-07,1.8957886745717574,0.005797146806662937
2019-08-08,1.8050564584987747,0.012630485490716463
2019-08-09,1.7840426015549855,0.012060726985491816
2019-08-12,1.7748419071132981,0.013395315303582803
2019-08-13,2.332396622942274,0.013031115048831969
2019-08-14,2.277472732757216,0.01264034982961982
2019-08-15,2.27631058063073,0.01143167862317649
2019-08-16,1.9666444866626338,0.00958709676351429
2019-08-19,2.2829424494313866,0.010948888651796277
2019-08-20,1.9660065505572806,0.00873142183294127
2019-08-21,1.863197536663738,0.009487605165065445
2019-08-22,2.9620601118382,0.009490150907742943
2019-08-23,3.1710657115995953,0.009504842344832065
2019-08-26,2.3883384820915667,0.00811189669905749
2019-08-27,2.4450814114853188,0.010513265354085422
2019-08-28,1.993912672409639,0.010721160142764799
2019-08-29,2.0863466357368945,0.010807467855341675
2019-08-30,2.4177770751519048,0.010194222726112877
2019-09-02,2.8861904597295744,0.008422534410226697
2019-09-03,2.7651981074737795,0.0066832388098028135
2019-09-04,3.096357063906212,0.006294945559672853
2019-09-05,2.691839309311284,0.004942068927919931
2019-09-06,2.7108798178797064,0.004354048140043863
2019-09-09,2.5422034964545093,0.0032934644408263406
2019-09-10,2.604356062607936,0.005252916804680107
2019-09-11,2.7326710560490426,0.007343657495531484
2019-09-12,2.937491088791296,0.007517819201784079
2019-09-16,2.7992696813169817,0.007625710428270123
2019-09-17,3.066532349214268,0.009917048748614746
2019-09-18,2.8479667303545737,0.010716956170233383
2019-09-19,2.755429602594224,0.010585902100559335
2019-09-20,2.6833054543340356,0.00900605596439307
2019-09-23,2.455833309598951,0.010015970790139302
2019-09-24,2.6193872971449337,0.006737731440920212
2019-09-25,2.684836631234067,0.0070577121591366716
2019-09-26,2.9462390275318238,0.0066004917940232785
2019-09-27,2.4735615121987866,0.006634334670677386
2019-09-30,2.9904696013125234,0.006241605077953469
2019-10-08,2.9933730459535814,0.00724280541225702
2019-10-09,2.7661071003645237,0.006985396570598031
2019-10-10,2.8419046378664796,0.007019793841022104
2019-10-11,2.9891013748260127,0.007873914041913564
2019-10-14,2.5926337863799906,0.0036249846862745246
2019-10-15,2.4577922014331897,0.006353281115558722
2019-10-16,2.829037325198352,0.0073546197323811876
2019-10-17,2.5352411621876483,0.007084190770528744
2019-10-18,2.9322090456759686,0.008983179800363675
2019-10-21,3.1240014299346224,0.006604381818833276
2019-10-22,3.007356906840796,0.0073771597357630975
2019-10-23,2.9046868818519647,0.007627824452968776
2019-10-24,3.0721550896517096,0.007554466055695858
2019-10-25,3.276067708929992,0.0049935249642781695
2019-10-28,2.5870583703162433,0.005738620683671914
2019-10-29,2.5596752060008248,0.006306517158785981
2019-10-30,2.639793731808905,0.005904625688394903
2019-10-31,2.6779251755587117,0.0059740135436194795
2019-11-01,3.0052277722544884,0.009283750983571103
2019-11-04,2.8796467358573477,0.009150465305071052
2019-11-05,3.1375510177523696,0.008362233075070467
2019-11-06,3.1154730665390122,0.008254540083574763
2019-11-07,3.0732619172608304,0.00782225975317709
2019-11-08,3.0805173316860843,0.005495815125125166
2019-11-11,2.505262034044202,0.008992506637881974
2019-11-12,2.532899001448757,0.007619744487694225
2019-11-13,2.378448678108371,0.007837896497712351
2019-11-14,2.392808226036373,0.0077911567301188365
2019-11-15,2.4536262170608785,0.00791382187447258
2019-11-18,3.1949824776301377,0.005486015998737289
2019-11-19,3.0674349422921083,0.00699966087331555
2019-11-20,3.2170724492669125,0.008909887938064704
2019-11-21,3.0484017961003547,0.009149439970816846
2019-11-22,3.430292177041444,0.009723669499308314
2019-11-25,2.8544754834666115,0.00957694715347811
2019-11-26,2.9394823717455885,0.007916455554190197
2019-11-27,2.6623649978772383,0.006979619253553979
2019-11-28,2.6490360689088135,0.006866164082219611
2019-11-29,3.024264466460371,0.006410006728626846
2019-12-02,2.6948633674083355,0.004917058636598252
2019-12-03,2.7140308702056863,0.005049202248655772
2019-12-04,2.8606804638808,0.0049506087134843025
2019-12-05,2.863800004261451,0.006120789815901557
2019-12-06,2.7120636213290594,0.0031673171115125464
2019-12-09,2.8082684089722556,0.004036991575917882
2019-12-10,2.735073121901586,0.004074080341906713
2019-12-11,2.847486964724247,0.003927151056655268
2019-12-12,3.0298016582753085,0.00344886129747644
2019-12-13,2.683640623018169,0.009360704088759489
2019-12-16,2.4432265105282083,0.00890481685258096
2019-12-17,2.9126368739419233,0.00940532688120277
2019-12-18,2.627531929788364,0.009970371687338452
2019-12-19,2.5262999510934483,0.009601223681170069
2019-12-20,3.1854133166071787,0.006911778079570255
2019-12-23,3.4406176879270554,0.009340454656097666
2019-12-24,3.15901706006831,0.006750205465728088
2019-12-25,3.200033603157399,0.00680451320538123
2019-12-26,3.2640450972192605,0.00839774840049872
2019-12-27,3.5391323243504718,0.00831661701223697
2019-12-30,3.643342620859001,0.006648757000779391
2019-12-31,3.174130046317526,0.0066862079434083935
2020-01-02,2.9679805725466353,0.00666818503081311
2020-01-03,2.870875307529494,0.007899097058632273
2020-01-06,2.96676439413395,0.00857487094228854
2020-01-07,2.737398984046595,0.007029925058722477
2020-01-08,2.819142855499904,0.009841664106830253
2020-01-09,2.38799265665513,0.009544058338734184
2020-01-10,2.4643353479943673,0.009475145253450138
2020-01-13,2.3226037511152624,0.009736940988666096
2020-01-14,2.3011250542051394,0.009868854790355819
2020-01-15,2.544034832732157,0.008106176121049476
2020-01-16,3.153810101317938,0.006192612101685141
2020-01-17,3.2052804500833085,0.0062677610921022505
2020-01-20,3.1306484048925833,0.005332414622572273
2020-01-21,2.974506816338624,0.009127655843712478
2020-01-22,3.230493482072694,0.009649337558069106
2020-01-23,3.428692415480577,0.016461202821824932
2020-02-03,1.4339324022279867,0.03494716857759205
2020-02-04,1.834080786024736,0.03976490658832205
2020-02-05,1.4355673795286434,0.04211181172671846
2020-02-06,1.51003017591864,0.044071441097627215
2020-02-07,1.4466985931558947,0.042661695989939616
2020-02-10,2.9570536762986612,0.010676899637810537
2020-02-11,2.933539565869057,0.00709915431598991
2020-02-12,2.7993481176458044,0.006943207895280819
2020-02-13,2.986890646506967,0.006315826376496643
2020-02-14,2.846042712217601,0.006243829256786027
2020-02-17,2.964442094710814,0.010159044385373833
2020-02-18,2.9892280431735525,0.011630994099072258
2020-02-19,3.0761661129604128,0.011850456823583879
2020-02-20,3.459058111629274,0.013099806436514705
2020-02-21,3.3636003565814834,0.013598838308830422
2020-02-24,3.4049593683249912,0.011581983049656406
2020-02-25,3.35504698747506,0.0111922081176957
2020-02-26,3.310001171737366,0.013215182418660732
2020-02-27,2.813743449803747,0.005935353423771713
2020-02-28,2.859144955549768,0.015140528307447835
2020-03-02,2.318450416088387,0.02482167881377357
2020-03-03,2.296365293542401,0.025096507554224358
2020-03-04,2.198242904742071,0.02441017704117941
2020-03-05,2.2051463206763424,0.026016331958337646
2020-03-06,2.388675162938929,0.018721356714901223
2020-03-09,2.288487089366787,0.02196966625823686
2020-03-10,2.841068554694702,0.024588515263924218
2020-03-11,2.399324529086673,0.024909972103889358
2020-03-12,2.584318962967505,0.020489176430151693
2020-03-13,2.5024254719781247,0.020409019334404213
2020-03-16,2.081348585380443,0.023033455524690674
2020-03-17,2.5594238764750203,0.014422559944194498
2020-03-18,1.9788763883761362,0.014081003241367024
2020-03-19,2.3684391656284385,0.014461058081031345
2020-03-20,3.0686719524489394,0.02215622812362848
2020-03-23,2.637381720695534,0.019133485133859037
2020-03-24,2.419045185643373,0.025681770406928005
2020-03-25,2.114415793526998,0.027101024882746585
2020-03-26,1.9630371706684973,0.026175775246383606
2020-03-27,1.914771028319299,0.02536087532037176
2020-03-30,2.188467050129961,0.017743703051881464
2020-03-31,2.0551840423849423,0.014332943532286159
2020-04-01,2.34376593202563,0.005808881336320828
2020-04-02,2.452371982117323,0.009563987711379065
2020-04-03,2.164581565690619,0.010095832719799424
2020-04-07,2.331378969930472,0.012349411922069611
2020-04-08,2.257370722319453,0.013369156615925776
2020-04-09,2.0755202275370395,0.012690137091082168
2020-04-10,2.642529470249281,0.012321228753810259
2020-04-13,2.0766152697275713,0.012108163299925903
2020-04-14,2.772502700695882,0.010612455014804463
2020-04-15,2.778291194242076,0.011072878839516746
2020-04-16,2.678695624617328,0.011003016099982362
2020-04-17,2.7238555957266337,0.01086172234855524
2020-04-20,1.323940781832021,0.009949560643274714
2020-04-21,1.4540839361057132,0.008659983362750435
2020-04-22,1.3427045108983313,0.008542106221082587
2020-04-23,1.373984922033094,0.008811678711029555
2020-04-24,1.4902022699658668,0.008294723868814373
2020-04-27,2.799886031372992,0.00894454298909432
2020-04-28,3.0315821657215745,0.007373336350171686
2020-04-29,2.7897159634167226,0.006788618348279277
2020-04-30,2.70533266627288,0.007655145112299791
2020-05-06,2.6364968284654298,0.002695644558492118
2020-05-07,2.512719081149748,0.005304292323791696
2020-05-08,2.567068881630325,0.005681045249391695
2020-05-11,2.8157094375518077,0.0064643359248432375
2020-05-12,2.893688429934314,0.00532424515789162
2020-05-13,2.8072452758350446,0.004930942818462478
2020-05-14,2.6565732577215058,0.007412712419119284
2020-05-15,2.722123519236636,0.004986759828611499
2020-05-18,3.014707147908365,0.005492802241562668
2020-05-19,2.2536787416000763,0.007252066747580198
2020-05-20,2.2675710713881663,0.00743498197086969
2020-05-21,2.644958630327802,0.006023994304469609
2020-05-22,3.028678279926547,0.011834001497453247
2020-05-25,2.658252490357735,0.011664531137518573
2020-05-26,2.5963327021826688,0.012512669703268541
2020-05-27,2.70557277855186,0.012573616067564453
2020-05-28,3.1210330186331796,0.012965995852264593
2020-05-29,2.9156467680133265,0.006517179810926669
2020-06-01,2.3379831521894383,0.012740376360333525
2020-06-02,2.365839326274494,0.012631906618939419
2020-06-03,2.3837390452371547,0.011165983908915586
2020-06-04,2.226140400211121,0.011560947359649782
2020-06-05,2.286801031426402,0.01142670527958272
2020-06-08,2.5529588336866746,0.002601415792867342
2020-06-09,2.5824217600554897,0.003100557162753044
2020-06-10,2.425959515163459,0.003628016932050314
2020-06-11,2.671897558598833,0.007194530231788556
2020-06-12,2.3730288453105244,0.006888830248887963
2020-06-15,2.807365707092283,0.007938834361541622
2020-06-16,2.0406879216950133,0.010992144817020343
2020-06-17,2.1079216193975783,0.011037294336349986
2020-06-18,2.1332606463000268,0.009866697267034364
2020-06-19,2.4709159261514984,0.010982425154573722
2020-06-22,2.636213812537495,0.0067680279540615566
2020-06-23,3.1028535627648015,0.0052216139069724875
2020-06-24,3.055880877631391,0.0046726621844217905
2020-06-29,2.9023809138280265,0.00740713109525376
2020-06-30,2.6962103717126817,0.0073263647889843485
2020-07-01,3.075054337597196,0.010266332873272367
2020-07-02,3.180962396374839,0.011759284971376797
2020-07-03,3.228430196179855,0.01175896875112252
2020-07-06,3.0190700788507074,0.017405781832057068
2020-07-07,2.942669266136294,0.018957790227920913
2020-07-08,2.619768857073214,0.019271978144998113
2020-07-09,2.677378046878588,0.019768053046609262
2020-07-10,2.6708635493680437,0.027000679198215638
2020-07-13,2.5944605209798963,0.01546418696825801
2020-07-14,3.2488300691150966,0.017362068364255807
2020-07-15,3.651843690073863,0.01744074744045865
2020-07-16,3.690777342577105,0.024622182534923237
2020-07-17,3.3680965385341697,0.025877098886045963
2020-07-20,3.228608757031724,0.02856980758223597
2020-07-21,3.061841596652503,0.02878494189255421
2020-07-22,3.10816929377503,0.028589978830338692
2020-07-23,3.373821056000386,0.01215073579198868
2020-07-24,3.537934627457009,0.026631532255794513
2020-07-27,3.1818982361525032,0.021086150554039167
2020-07-28,2.949474183345394,0.02193817815655921
2020-07-29,3.0816522073231924,0.02554384579245875
2020-07-30,2.861344793037599,0.02558603775966064
2020-07-31,3.227289119172953,0.010472633924079754
2020-08-03,2.839004477301997,0.010794529563449746
2020-08-04,3.1404656076751483,0.011651057199111994
2020-08-05,3.16155078524995,0.008228992068761843
2020-08-06,3.262328451753465,0.007738852839533889
2020-08-07,3.532262140681124,0.010057437318219304
2020-08-10,3.32867928802607,0.005844538909175326
2020-08-11,3.2930652051932605,0.0063172249421156335
2020-08-12,3.49160055976105,0.005946918348113737
2020-08-13,3.119757930499654,0.005995165827994741
2020-08-14,3.1213236544597214,0.0097064741743629
2020-08-17,3.1093565029258645,0.01450327762016657
2020-08-18,3.17957579472552,0.013008430152378967
2020-08-19,3.3407702354075317,0.015184522706858359
2020-08-20,2.9776355713924194,0.016934380665235307
2020-08-21,2.5731561453341336,0.015930770240817828
2020-08-24,2.7038849409707133,0.011146712413005098
2020-08-25,2.5515495512732134,0.011252288118913902
2020-08-26,2.8421768304880604,0.0103791937212324
2020-08-27,2.8209951692380275,0.008305787171993269
2020-08-28,3.3600986626972134,0.012816657417942037
2020-08-31,3.161874465436897,0.013575019705421978
2020-09-01,3.0219260190602575,0.01359924715873363
2020-09-02,3.1800748010344257,0.01107506845838233
2020-09-03,3.2224357327023494,0.012205301252689196
2020-09-04,2.586399004689762,0.005937234837439832
2020-09-07,2.6342715253904068,0.010164884290449582
2020-09-08,2.809386881314049,0.010159412663452643
2020-09-09,2.8943005981321863,0.011783534696059616
2020-09-10,2.5427163127685555,0.012532453754000075
2020-09-11,2.57102249129892,0.015350480085694111
2020-09-14,2.4368780652334063,0.013206844251449969
2020-09-15,2.3745914711383023,0.013565926079202845
2020-09-16,2.7220543890519844,0.006762813896170118
2020-09-17,3.1002195858949726,0.007683462733426773
2020-09-18,3.2501154175055658,0.011808080075165673
2020-09-21,3.181224858055608,0.013427178024386368
2020-09-22,3.3543003641743714,0.014050403799864138
2020-09-23,3.1676768396056962,0.013982663391150707
2020-09-24,3.3687035882289917,0.016429392364979804
2020-09-25,3.319111136859799,0.009533303245030362
2020-09-28,3.007118907445827,0.010267744186199385
2020-09-29,3.0163501599413864,0.009711157817007434
2020-09-30,3.168541466795702,0.009278289273629602
2020-10-09,2.362745952269345,0.008653257005849818
2020-10-12,2.5014331016495266,0.013735526712496445
2020-10-13,2.398369121690224,0.013629401598861621
2020-10-14,2.2799876290823287,0.015503194294507408
2020-10-15,2.4575158305285143,0.015635749982255993
2020-10-16,2.9413805667846145,0.01472417017420093
2020-10-19,3.0438597625759387,0.004407258911364731
2020-10-20,2.748888197707986,0.006170682300693053
2020-10-21,2.7641150129107683,0.005575419721211664
2020-10-22,2.8092591922771604,0.0056781381611844
2020-10-23,3.067156981917411,0.0077292344008810365
2020-10-26,2.84468076212528,0.007508061013642799
2020-10-27,2.545514456284578,0.005544496264390211
2020-10-28,2.55178560950399,0.0077410739120525075
2020-10-29,2.8100092013253812,0.008847845795999993
2020-10-30,2.7935028972908733,0.010223874750292163
2020-11-02,2.798621204041227,0.010127202831751227
2020-11-03,2.884329334723035,0.011221627767180093
2020-11-04,2.798330519535426,0.011168412242296784
2020-11-05,2.4643342962110255,0.01229103755254001
2020-11-06,2.73301046033783,0.005739765435622913
2020-11-09,2.712368146361197,0.007404028472620219
2020-11-10,2.7767934070760436,0.010287067229616535
2020-11-11,2.5871539723952695,0.012829207012886007
2020-11-12,2.5681066129620733,0.011255906204735978
2020-11-13,2.401866378246101,0.01241022865945866
2020-11-16,2.8269475214661015,0.008462392895688422
2020-11-17,2.8611197487057565,0.008356997818036484
2020-11-18,2.792507659016126,0.007223629157326911
2020-11-19,2.782676247239948,0.008082473043984613
2020-11-20,3.0946861780791437,0.005023452231376319
2020-11-23,3.3944983388075505,0.005937731779406065
2020-11-24,3.220936826301273,0.007178791011752488
2020-11-25,3.535141763883656,0.010229291587155399
2020-11-26,3.2409697310798737,0.0096123791091987
2020-11-27,3.289962747312079,0.011212360364515086
2020-11-30,3.470304975067603,0.009494281230302305
2020-12-01,3.1670930039307894,0.013518808557327499
2020-12-02,3.201972214174363,0.010467341411698935
2020-12-03,2.9858234933786227,0.011002222870380607
2020-12-04,3.0517551854589042,0.010355100703645235
2020-12-07,3.132560309309351,0.011326870669595623
2020-12-08,3.017660235269532,0.003931678045246546
2020-12-09,3.1376731130571542,0.006019273750940536
2020-12-10,3.047888653171041,0.006244992148216429
2020-12-11,3.60694739448864,0.005436405074574971
2020-12-14,3.1826949516140663,0.00890704100584662
2020-12-15,3.188769088881566,0.009260433995913909
2020-12-16,3.237397800823312,0.007038156147760066
2020-12-17,3.193935221506318,0.008874452502902681
2020-12-18,3.1562146745005655,0.006504228307832651
2020-12-21,3.204731364303508,0.006527829591274827
2020-12-22,3.416325800578628,0.011499199688157512
2020-12-23,3.6235014418011113,0.012020436108434264
2020-12-24,3.3087432516300694,0.010453876772382778
2020-12-25,3.0618160111021666,0.010985720991174702
2020-12-28,3.128607242817096,0.010329003760230292
2020-12-29,3.268254673170804,0.005779855138845201
2020-12-30,2.9453974721685228,0.007368085494241511
2020-12-31,3.0096476878566967,0.00896159215933808
2021-01-04,2.9683326239323855,0.009030942083792145
2021-01-05,3.172761488195413,0.009617297934615174
2021-01-06,3.3965721508909703,0.0046004752624988245
2021-01-07,3.1712112842095372,0.00480809813520784
2021-01-08,3.3073462871509056,0.008929056316394082
2021-01-11,3.3669050893416115,0.012813756561110367
2021-01-12,3.0577396624694133,0.015518510158028638
2021-01-13,3.4918021329650166,0.016350490984408834
2021-01-14,3.4435328657147073,0.01798461613952611
2021-01-15,3.4823439733651163,0.01796364383782324
2021-01-18,3.1704707601131576,0.017887442030018012
2021-01-19,3.2968398225422426,0.01187279829375471
2021-01-20,3.151358958660311,0.013239909926589626
2021-01-21,3.043405803385697,0.012194612577277225
2021-01-22,3.0115351511335167,0.011902386245237187
2021-01-25,3.2355416485669974,0.011764631556019122
2021-01-26,3.1743262629201596,0.0139439568956541
2021-01-27,3.0929818119581904,0.013740277502886214
2021-01-28,2.8347159500067676,0.01605074555397647
2021-01-29,2.864232157502799,0.015578549519735566
2021-02-01,2.40926744570529,0.016227359895915564
2021-02-02,2.3530737843972647,0.01704023275915583
2021-02-03,2.54967602620527,0.016974650921856294
2021-02-04,3.2752668713350452,0.009449238824479508
2021-02-05,3.091405246067323,0.008421623179672594
2021-02-08,3.3935726187184567,0.009028754954788613
2021-02-09,3.1655941431728962,0.011055832414926118
2021-02-10,3.333951222212383,0.011121651679132913
2021-02-18,3.0579411496169677,0.012658948010591222
2021-02-19,3.007881969678771,0.012644083014512305
2021-02-22,3.2232519159693025,0.02214096104306185
2021-02-23,2.8566609109904193,0.01894754284575963
2021-02-24,3.3055477513275524,0.014572815383629988
2021-02-25,3.216579640285838,0.016846338986222995
2021-02-26,2.8164148949246894,0.016116828789456507
2021-03-01,2.5179936709111836,0.01815572154061194
2021-03-02,2.653955547996861,0.018243793525239225
2021-03-03,2.528977503495531,0.01863172699451093
2021-03-04,2.7569255947784264,0.02299523442818369
2021-03-05,3.0533042623807347,0.020817853295869524
2021-03-08,2.839384262573594,0.02202131918676891
2021-03-09,3.0104494856573796,0.02237483642857633
2021-03-10,2.6543816142485284,0.017912498252272955
2021-03-11,2.50544901786843,0.023363340704121712
2021-03-12,2.634467890501127,0.023731747268502988
2021-03-15,2.839761810906846,0.01992125237910477
2021-03-16,2.7948425975643527,0.016711322131206966
2021-03-17,2.9146766854197024,0.016669660161369487
2021-03-18,2.7929488544697705,0.012575964349607763
2021-03-19,2.7326592041435314,0.017062631936023597
2021-03-22,2.69543915337646,0.015325495235991084
2021-03-23,2.7266361329688293,0.015182329333948117
2021-03-24,2.765488257335379,0.015581960523278168
2021-03-25,2.773459006148828,0.013946744179282163
2021-03-26,2.700532010549482,0.015437764197308723
2021-03-29,2.826642067638252,0.014703194929864029
2021-03-30,2.6800411771198642,0.014188189859791766
2021-03-31,2.699040560345188,0.011950160467586577
2021-04-01,2.5987627856419264,0.011894880520495858
2021-04-02,3.0281146039568307,0.008774077633675064
2021-04-06,2.942046938830078,0.009647181334011233
2021-04-07,2.9884251594733744,0.010015768780517891
2021-04-08,2.908947496873938,0.00850807381232982
2021-04-09,2.9536823257873865,0.009382369966768857
2021-04-12,3.1188741999652434,0.00784509081928244
2021-04-13,2.9609282797806573,0.008250426532144615
2021-04-14,2.9553209582911935,0.01103062833613698
2021-04-15,3.022886957494716,0.010418516663157453
2021-04-16,2.942141716715693,0.009868631081862039
2021-04-19,3.268091005524444,0.011811628902359048
2021-04-20,3.21596197544227,0.01167639646712745
2021-04-21,3.2167296990547642,0.011633230984594563
2021-04-22,3.128532568788653,0.010696381684413413
2021-04-23,3.2808009949481454,0.010705266706751839
2021-04-26,3.470376087315374,0.007473248635968497
2021-04-27,3.2570409371327727,0.007581529810916549
2021-04-28,3.0681400652193647,0.007900045655822484
2021-04-29,2.9112031969288283,0.008410465420794985
2021-04-30,3.022962124195012,0.008736230707911049
2021-05-06,3.1782915576569435,0.009001740700771546
2021-05-07,3.122710819925836,0.010198452244415006
2021-05-10,3.215531739103782,0.009076360873799151
2021-05-11,3.282420524825058,0.008101247243515564
2021-05-12,2.988421471662447,0.00898493432777061
2021-05-13,3.242975790389112,0.008521615275484878
2021-05-14,3.1544890992744286,0.012348978810155915
2021-05-17,2.911530993056436,0.012588935293614439
2021-05-18,2.5946073213754923,0.013004698006320722
2021-05-19,2.683076019049971,0.013702051498654146
2021-05-20,2.838494104789084,0.011050616912646406
2021-05-21,2.8277986207898906,0.009019274837030432
2021-05-24,2.9017377362422323,0.005681503126212775
2021-05-25,3.1705402253358947,0.01584009805184033
2021-05-26,2.948815499429169,0.015481114143679132
2021-05-27,3.297013649603835,0.015454807046461577
2021-05-28,3.2464347527966257,0.01391040144055424
2021-05-31,2.795718337781124,0.014066597560903298
2021-06-01,2.955098826332635,0.0025059478952133103
2021-06-02,3.139914583071149,0.00538439056242287
2021-06-03,3.275120450581384,0.005145841993557909
2021-06-04,3.2555815564539747,0.006325995728058417
2021-06-07,2.9260402509836303,0.006064186465941108
2021-06-08,3.239843164020038,0.006190633775051804
2021-06-09,2.5601858481275475,0.005585436055801206
2021-06-10,2.880188709879034,0.006019546465496802
2021-06-11,2.951801443184967,0.006627077066866676
2021-06-15,2.948807742283906,0.007635572643953837
2021-06-16,3.264381038373025,0.009428797554011065
2021-06-17,2.969915248758321,0.01012215157533457
2021-06-18,3.30619494137014,0.008496146214677898
2021-06-21,3.026642964485771,0.008533638215857413
2021-06-22,2.7278914020149863,0.009021144114232622
2021-06-23,2.9603895511539733,0.0036097255928570137
2021-06-24,2.8066343442942756,0.00350798407499166
2021-06-25,2.773151404010954,0.006961000174951132
2021-06-28,2.986106480488791,0.005907483967590354
2021-06-29,3.1934937179055174,0.009963494442223499
2021-06-30,3.0412013434472454,0.010071878125252662
2021-07-01,3.323202731424682,0.010094895940883251
2021-07-02,2.82826738834096,0.014205022070650003
2021-07-05,2.475228240595536,0.014021751397876417
2021-07-06,2.8880100477245128,0.013845348315943092
2021-07-07,2.6810961741376076,0.014895801316800362
2021-07-08,2.5279681316458977,0.014950261131559787
2021-07-09,3.451405621117213,0.007819265614059342
2021-07-12,3.4995998949973894,0.009782991492757728
2021-07-13,3.103265752425268,0.009694471370559135
2021-07-14,3.0722723139928503,0.009790961826438965
2021-07-15,2.8949633906790315,0.010651543509122853
2021-07-16,2.8410461106638913,0.012117644164052534
2021-07-19,3.091399806056965,0.010585038917169661
2021-07-20,2.850893667848287,0.010491781440377672
2021-07-21,3.123305036940489,0.009139445430177157
2021-07-22,2.9672636596447632,0.0067949518327216785
2021-07-23,3.2555070154649037,0.007257229915850073
2021-07-26,3.4248413410477636,0.015516737120706137
2021-07-27,3.2907656826472738,0.019137250865612545
2021-07-28,3.37779749054835,0.01786121185487434
2021-07-29,2.5131219897538637,0.022906494609408207
2021-07-30,2.578201930406393,0.022962908211629326
2021-08-02,2.7411919367681725,0.024081905124997027
2021-08-03,2.539877925272641,0.013958378897045107
2021-08-04,2.2083047251556964,0.013584587707692173
2021-08-05,2.882520705383918,0.013672073846703723
2021-08-06,2.8606714370056308,0.01313598065372218
2021-08-09,2.9000067332253154,0.008577722317573849
2021-08-10,2.8684999793797967,0.009398389146002476
2021-08-11,2.682602704768721,0.009854544805996906
2021-08-12,3.15999399204439,0.01034003788696762
2021-08-13,3.3123450424300187,0.010343996662648874
2021-08-16,3.296459512777157,0.007899551554533814
2021-08-17,3.6257842308983808,0.0075794731292921315
2021-08-18,3.389797932265701,0.01186896922718886
2021-08-19,3.0799619020540376,0.01176048281330688
2021-08-20,3.2091439615301196,0.013505505349014837
2021-08-23,2.7208807538933018,0.016535045601506104
2021-08-24,2.7189114197497912,0.014448656066706901
2021-08-25,2.5724261842697387,0.013458669930803484
2021-08-26,2.920335766511532,0.01613687218448739
2021-08-27,2.9880843083171005,0.013254827500384323
2021-08-30,3.1811465819897475,0.011648366407273025
2021-08-31,2.98376572271073,0.009674695995438458
2021-09-01,3.569420231437321,0.012222757609889561
2021-09-02,2.9700996790335887,0.00662061815003929
2021-09-03,3.148602710847843,0.007316850113012344
2021-09-06,3.2069782506846627,0.010415083831380014
2021-09-07,2.971539778418647,0.010029310858241608
2021-09-08,3.1444163236216527,0.01062005695216058
2021-09-09,3.180753269870035,0.010663101396336938
2021-09-10,3.375085531932512,0.009282288896512681
2021-09-13,3.3074777739777224,0.007560801275425767
2021-09-14,3.2647383260054488,0.00851698875232389
2021-09-15,3.207012883969848,0.00911512683760987
2021-09-16,3.2514896003761553,0.009414012749121889
2021-09-17,3.481547364227467,0.009937929391338725
2021-09-22,2.514247089061657,0.009877388474799438
2021-09-23,2.3683510111153345,0.010153022056970228
2021-09-24,2.251802315786294,0.009231222015641888
2021-09-27,2.7863212334875587,0.006790269189048682
2021-09-28,2.2316609553336733,0.005496603907419729
2021-09-29,2.8748256397273426,0.00672818750828115
2021-09-30,2.3952971828244696,0.006771968531060872
2021-10-08,2.401166141025114,0.008654532554577349
2021-10-11,2.4253940476134392,0.008571643937092538
2021-10-12,2.8143241728295205,0.010417782886980604
2021-10-13,2.9352895237933616,0.009566250874567176
2021-10-14,2.7726815749365894,0.010327986183983322
2021-10-15,2.725611614221525,0.008510462715488202
2021-10-18,2.7008445692894103,0.009912056991729005
2021-10-19,2.449698596852729,0.009928462500691692
2021-10-20,2.5656018343805456,0.00827978106511034
2021-10-21,2.6876208330221303,0.008121230825966727
2021-10-22,2.669461678709702,0.008460969760402202
2021-10-25,2.8624042937867857,0.0045444270325971
2021-10-26,3.1653806545225396,0.004312707593019117
2021-10-27,2.6934738809655765,0.007929777248073703
2021-10-28,2.8139069741633937,0.00797414994816531
2021-10-29,2.6817810001325273,0.008800181543039949
2021-11-01,2.6031922903699893,0.008130969921169346
2021-11-02,3.177685672713026,0.008673614763994737
2021-11-03,2.880404181706698,0.007409759093652665
2021-11-04,2.738655981463139,0.008918608634578214
2021-11-05,2.813971140342211,0.007536583345780195
2021-11-08,2.8874597952626617,0.0076922154659144325
2021-11-09,3.1471442613073437,0.005980536869354298
2021-11-10,3.5116635843279846,0.006251180308511158
2021-11-11,3.0442329681317153,0.008788485319653025
2021-11-12,2.9571603185728375,0.008267722396238367
2021-11-15,2.9620476828644677,0.008390835400729237
2021-11-16,3.1430874949301266,0.008368401430756347
2021-11-17,3.1103823597380926,0.00755375201813206
2021-11-18,2.9892278195858495,0.004244404198852027
2021-11-19,2.720943433552061,0.0073534962517903995
2021-11-22,2.3983944049399324,0.0075481737169869065
2021-11-23,2.4147573012113366,0.007548143651302378
2021-11-24,2.565877904888813,0.007544167734375317
2021-11-25,2.8451836386364775,0.005616800164178771
2021-11-26,2.8731387312700853,0.004632548331427139
2021-11-29,3.129419851343682,0.0033388074989937322
2021-11-30,3.0511887711596386,0.0030059714782149204
2021-12-01,2.8221404345756107,0.003634735522490714
2021-12-02,2.691197800740073,0.004275382221708644
2021-12-03,3.0194268648764657,0.005067783730491994
2021-12-06,3.045158962942943,0.005054463652186033
2021-12-07,2.9983611692565946,0.004132161805944796
2021-12-08,2.7527631328904154,0.006377838452895343
2021-12-09,3.4104462758197283,0.007364158360642958
2021-12-10,2.5941479486477297,0.009553192830915427
2021-12-13,2.8981060501813625,0.008530677026666248
2021-12-14,2.432961071987573,0.01077108390282081
2021-12-15,2.5194997603301243,0.010575742947397
2021-12-16,2.6137690274014043,0.006934780618953876
2021-12-17,2.755782339078887,0.009476406126628534
2021-12-20,3.520652015297832,0.008697599484082549
2021-12-21,3.117233245190339,0.011018633849097912
2021-12-22,3.0523242524466565,0.011074649461891446
2021-12-23,3.003454954010193,0.011343030650331395
2021-12-24,3.349065058564215,0.009242771046298193
2021-12-27,3.1834309403546497,0.005306978524897261
2021-12-28,3.368453036858579,0.0054766550150225374
2021-12-29,3.1788631460694705,0.009237328415891843
2021-12-30,3.2991571303022185,0.009422504291997525
2021-12-31,3.244128863053477,0.009241308341077326
2022-01-04,3.501224757437011,0.009560518232711717
2022-01-05,3.5060383435248395,0.009348602385665894
2022-01-06,3.489397947519376,0.008182917865602234
2022-01-07,3.3522995611656317,0.006353693764731875
2022-01-10,2.9897532520786814,0.006562859621661153
2022-01-11,2.937332838215038,0.0070482398362208785
2022-01-12,2.763560133990976,0.008839403713895003
2022-01-13,3.1142149111840185,0.010712253368351831
2022-01-14,3.153966584224686,0.010846828496038442
2022-01-17,2.946079396167047,0.011757258013057978
2022-01-18,2.861620835048061,0.012264341644132834
2022-01-19,3.1569923120616954,0.011364075231152878
2022-01-20,3.2367354124636414,0.009126785406609625
2022-01-21,2.9552413587631436,0.009406836336203477
2022-01-24,2.7629163436399615,0.008725254963454495
2022-01-25,3.0046996193931577,0.011927267691889468
2022-01-26,2.7875498729359616,0.01316169418506441
2022-01-27,2.8360804788107314,0.012963321103877141
2022-01-28,3.3932264054524928,0.013068386310305378
2022-02-07,2.502584883530478,0.016825468057871756
2022-02-08,2.726509420837421,0.0142248703902697
2022-02-09,2.3262651576262936,0.014636213565923867
2022-02-10,2.3009327672445528,0.011243976656774027
2022-02-11,2.3465083221382437,0.010208871108907933
2022-02-14,3.3789645359496903,0.007859883033964293
2022-02-15,3.141897322701321,0.009913007240049367
2022-02-16,3.051638581675948,0.0088062037996316
2022-02-17,3.052163503046915,0.00892449006170425
2022-02-18,3.0066632602901655,0.007901683716756236
2022-02-21,3.0447798094655036,0.005117662066682623
2022-02-22,2.805859441998571,0.007405164648170936
2022-02-23,2.228742481394179,0.0090046982889715
2022-02-24,2.956624914124115,0.01262896218424811
2022-02-25,2.2217953499878194,0.013671734537921032
2022-02-28,2.2400184444163562,0.013852522491016412
2022-03-01,2.252042701665927,0.01295456958644008
2022-03-02,2.2360096222389743,0.012646448760441681
2022-03-03,2.3550190886687528,0.008301739079778431
2022-03-04,2.581600204856241,0.008314786130689611
2022-03-07,2.4414903797377914,0.014484981115654189
2022-03-08,3.2761946909744677,0.01046907490449745
2022-03-09,3.530476899985363,0.010427127528567583
2022-03-10,2.2709075919895034,0.01760087218327582
2022-03-11,2.6775112068647395,0.01876170729440703
2022-03-14,2.408616591105193,0.018343470013633834
2022-03-15,2.5917928076694166,0.024916429794573796
2022-03-16,2.886513295914714,0.03576154432782719
2022-03-17,2.3006340102177893,0.03630709825954456
2022-03-18,2.127218636232337,0.03646500276795163
2022-03-21,2.053969897447604,0.03277534694377439
2022-03-22,2.421888400302637,0.01873641690146991
2022-03-23,2.2123571891278235,0.00855099305150494
2022-03-24,2.944249466425549,0.005129354388819263
2022-03-25,2.7760169639316303,0.008615950019077046
2022-03-28,3.0533405864612315,0.008511408107290692
2022-03-29,2.8989577050449173,0.008248205229254417
2022-03-30,2.631346574249546,0.017672659027472722
2022-03-31,2.5737696972141633,0.017791249393097862
2022-04-01,2.725127494053979,0.01571452189575754
2022-04-06,2.9431053958194897,0.015178650701606105
2022-04-07,3.212741859474148,0.017042556063540017
2022-04-08,3.2639127449399696,0.010121033873056469
2022-04-11,2.8556768016398246,0.016950080635735994
2022-04-12,2.767157357651119,0.01895492713608183
2022-04-13,2.6605955626126114,0.01905987091883491
2022-04-14,2.6978934368684406,0.020048388541543127
2022-04-15,2.7167209189710624,0.019793274073264998
2022-04-18,2.7031780475987177,0.012293538723480667
2022-04-19,2.527954264217256,0.00884112432903563
2022-04-20,2.7604138351727654,0.010348971025019395
2022-04-21,2.9978885501583927,0.0073232212794189944
2022-04-22,2.967946462322649,0.008994385057718095
2022-04-25,3.0457630792133568,0.020002054296643958
2022-04-26,3.060122703445884,0.019940488121290255
2022-04-27,3.013264934747194,0.029060784603704832
2022-04-28,2.648149831053626,0.02906027808383269
2022-04-29,2.50408734960548,0.03164134124717876
2022-05-05,2.6081263330760334,0.016217277380954725
2022-05-06,2.129358820323791,0.021885348049400854
2022-05-09,2.0329285725778465,0.01826493796760319
2022-05-10,2.5209826825934423,0.018803196233543148
2022-05-11,2.4453990968621326,0.015937106056689028
2022-05-12,2.509694245850767,0.0159735905109701
2022-05-13,2.6017076754163195,0.009816293764360974
2022-05-16,2.6463041100804583,0.009819352039778129
2022-05-17,3.167129483819565,0.0101061637527297
2022-05-18,3.0997186952086375,0.008742978438203724
2022-05-19,2.818578639764574,0.008235229931899212
2022-05-20,2.5444114916314335,0.011360950754716966
2022-05-23,2.4303472566467046,0.01077182696496336
2022-05-24,2.7087228591323407,0.015424444189035684
2022-05-25,2.508899261309571,0.015819598891917277
2022-05-26,2.9758000942468907,0.015841129945889192
2022-05-27,2.6189122017820092,0.011821604927265177
2022-05-30,2.7053668432020452,0.012605264865223367
2022-05-31,2.644087368937347,0.005416780011688146
2022-06-01,2.654655310431201,0.006684545515044236
2022-06-02,2.564785847565369,0.006781833335957377
2022-06-06,3.391634288028318,0.008865652274922134
2022-06-07,3.3054283408892244,0.009153020587060504
2022-06-08,3.4533058419138523,0.008182176867988483
2022-06-09,3.5133827816654004,0.01076615687800196
2022-06-10,3.2980608684826223,0.01151935435122475
2022-06-13,3.1693275896387236,0.011981053074179748
2022-06-14,3.4560798612902905,0.01235612124340974
2022-06-15,3.165924959141932,0.012980333295660838
2022-06-16,2.772981117950947,0.01207250889187955
2022-06-17,2.999890415106817,0.01177433649641859
2022-06-20,3.1051362819088943,0.00829303365017346
2022-06-21,2.8800456495268447,0.008920284081261668
2022-06-22,3.0399460290064133,0.010279812295090968
2022-06-23,3.179271077999437,0.011998290645465641
2022-06-24,3.2107457508042136,0.011605386999829565
2022-06-27,3.064547589026052,0.012068386576303334
2022-06-28,3.0653931438736732,0.011637703819777927
2022-06-29,3.369288527140285,0.012815424408312848
2022-06-30,3.0895915971896026,0.012320312372722608
2022-07-01,2.956901292996654,0.012661078805765199
2022-07-04,2.8413207648684455,0.012085305972730253
2022-07-05,3.2127443651638905,0.011249648467324144
2022-07-06,2.9062471548828466,0.010979379150593419
2022-07-07,2.8731918795499025,0.008332747563497304
2022-07-08,3.0374931829653313,0.008287739718299209
2022-07-11,2.783442244323102,0.009017649145326524
2022-07-12,2.874694814777678,0.00863235283582252
2022-07-13,2.7423099554339228,0.008583067581839557
2022-07-14,2.752961545689215,0.00761515053199718
2022-07-15,2.9820955476846613,0.008973769763743564
2022-07-18,3.2080929618925476,0.010597920616903926
2022-07-19,3.2009735020812196,0.010115704386642374
2022-07-20,3.016963662864723,0.01028745760476844
2022-07-21,3.071916158368395,0.010994463861807217
2022-07-22,3.1662061452069903,0.008242673200273873
2022-07-25,3.143792726876075,0.005739974755791906
2022-07-26,2.9149083600608634,0.007570614388014566
2022-07-27,2.985013966298926,0.007252638590908947
2022-07-28,3.235755799596614,0.00553516778272557
2022-07-29,3.219370837990706,0.007823195846969852
2022-08-01,3.0446801873554756,0.008270113108347498
2022-08-02,2.9660304739071104,0.009743711650877306
2022-08-03,2.6083484778911354,0.009776299182936257
2022-08-04,2.4609536890185963,0.011903277908637332
2022-08-05,2.3542964046563695,0.013673568130904201
2022-08-08,2.060867081415422,0.013383964281106941
2022-08-09,2.732840077207787,0.009064390001155864
2022-08-10,3.304506570334753,0.009560945335805373
2022-08-11,3.4534651007900106,0.012552361082788992
2022-08-12,3.196690515739399,0.011571728862172725
2022-08-15,3.29125176772377,0.011509569083501325
2022-08-16,3.22993667864869,0.011627829528619873
2022-08-17,3.379590150326628,0.00966600995836276
2022-08-18,3.160368403663626,0.006474274400761657
2022-08-19,3.191523104443754,0.007061749992285731
2022-08-22,3.168004311583391,0.008201347661788153
2022-08-23,3.089945896870331,0.008460357580384353
2022-08-24,3.5165961684636105,0.009385607316308438
2022-08-25,3.5279703500440505,0.011241736166590783
2022-08-26,3.017474211580519,0.011025981119908114
2022-08-29,2.9781004225445518,0.009704384037418176
2022-08-30,2.885244551223339,0.009709693168690104
2022-08-31,3.2485387227642164,0.005100238944203431
2022-09-01,3.0278627184141844,0.0034221480286812708
2022-09-02,2.897488033965124,0.0033619079380927995
2022-09-05,3.3887633391921392,0.0034772495912767766
2022-09-06,3.1795016658287607,0.006731799275621536
2022-09-07,3.075655142774157,0.006726149841475904
2022-09-08,2.96705832140939,0.005730790618375287
2022-09-09,3.0040714553873737,0.007734310663738512
2022-09-13,2.954080261007043,0.007097533887215672
2022-09-14,2.5974620216686732,0.009370046066186384
2022-09-15,3.1051384418840366,0.010399863625919336
2022-09-16,3.0557544207192557,0.014487525692782142
2022-09-19,2.9574818640791154,0.010562758800072021
2022-09-20,2.745843077666941,0.009733915963862493
2022-09-21,3.1059463511196306,0.009652311405969815
2022-09-22,2.830804264283964,0.009634919063976571
2022-09-23,2.960377380492264,0.004190940418076465
2022-09-26,2.6042249303412173,0.00390700436974857
2022-09-27,2.7580023704518943,0.009471865528929202
2022-09-28,2.7103044500885916,0.011387067534088384
2022-09-29,2.9403147815984076,0.011082759056048245
2022-09-30,3.046474977803176,0.01120242730891722
2022-10-10,2.9889841136603046,0.01428553896639289
2022-10-11,2.9011650923541143,0.010300758180947226
2022-10-12,3.305607461871701,0.013502823608371278
2022-10-13,3.147525973954117,0.013697714051412638
2022-10-14,2.857945559145755,0.018311549029025827
2022-10-17,2.6876888425787655,0.01276542602241324
2022-10-18,2.767576066266761,0.013254639086939135
2022-10-19,2.6596916399665167,0.015052268064104726
2022-10-20,3.1709403464072823,0.014742757606381435
2022-10-21,2.9019418982401217,0.006538314457137731
2022-10-24,3.4985603934549534,0.011472535255256521
2022-10-25,3.2666055144662205,0.011571383384683293
2022-10-26,2.8232207222732573,0.013845672663008827
2022-10-27,2.9203373023529857,0.013843517680982135
2022-10-28,2.859392846857774,0.015740074625096436
2022-10-31,2.922381827424311,0.012007718395923706
2022-11-01,3.0733549724295726,0.022854187759808072
2022-11-02,2.872056888946466,0.02323802848107791
2022-11-03,2.8280086910144706,0.023341242764861218
2022-11-04,2.8417783301690873,0.02148394885354492
2022-11-07,3.086117958903846,0.019059272609172746
2022-11-08,2.810274145603501,0.016795989571164238
2022-11-09,2.7740385034471253,0.017695629436432395
2022-11-10,2.733389011083962,0.017633308701816876
2022-11-11,2.5065010322870336,0.01555910886355233
2022-11-14,2.188489596008475,0.01555182184966081
2022-11-15,2.2242861187598426,0.01650822976338431
2022-11-16,2.003495862116383,0.016235037936725597
2022-11-17,2.1436427580170525,0.015513833086443538
2022-11-18,2.591958516600717,0.010754848686365281
2022-11-21,2.6467808702199696,0.011489793769557211
2022-11-22,2.698708687554049,0.0035278092480070375
2022-11-23,2.8642239615070726,0.003871438331024914
2022-11-24,2.4950328155180053,0.0038935438798173255
2022-11-25,2.5539329581124983,0.005243069819978601
2022-11-28,2.3085309671207623,0.006229078591572145
2022-11-29,2.082816162736609,0.016083318475004917
2022-11-30,1.9834251902453754,0.016075995556561185
2022-12-01,1.8991956983718798,0.015444793520650764
2022-12-02,1.586463647280934,0.016620003402140485
2022-12-05,2.2060775097156826,0.014637097946504377
2022-12-06,2.529582845458429,0.00973042463591564
2022-12-07,2.4496981046753086,0.010319142739173719
2022-12-08,2.8684376558481226,0.010026551523690235
2022-12-09,2.7578518367901306,0.008727427920412744
2022-12-12,2.9063541833062985,0.008023472600493624
2022-12-13,2.8858617659954304,0.007526681390523321
2022-12-14,3.1493490568113893,0.007617353681999062
2022-12-15,2.90938465743468,0.007618107189053161
2022-12-16,2.9838262268822175,0.005279925699211439
2022-12-19,3.313010011636993,0.007103883896806236
2022-12-20,3.428189554444057,0.009209495313901915
2022-12-21,3.287483646391503,0.008805730093113445
2022-12-22,3.186276931786445,0.009195141961600409
2022-12-23,2.9365082030089367,0.008802496252442796
2022-12-26,2.603781548748036,0.008091658651189907
2022-12-27,2.6385110874871227,0.00520833305198021
2022-12-28,2.583301603043572,0.006139978146614057
2022-12-29,2.59127794526289,0.006701530460482528
2022-12-30,2.455142157318248,0.006530470112392472
2023-01-03,2.6517822540670433,0.006545166187903793
2023-01-04,2.5510846121658033,0.004072028196936687
2023-01-05,2.7677674891104003,0.008667682705837537
2023-01-06,2.47198312512092,0.007379622518680946
2023-01-09,2.6048172051365555,0.007261428467303815
2023-01-10,2.7436454743528573,0.007706277746061997
2023-01-11,2.964136197634004,0.008350224460289917
2023-01-12,3.0518236642201497,0.0036372413012283776
2023-01-13,3.265561568187745,0.006378955194929685
2023-01-16,3.7587352563349805,0.008051803484087216
2023-01-17,3.553986609034689,0.008267275369410883
2023-01-18,3.3509057443396246,0.008225981217099951
2023-01-19,3.4670357884358003,0.007923013014980513
2023-01-20,3.392594195647022,0.006825195362046977
2023-01-30,2.289263466959716,0.003714514476936792
2023-01-31,2.1220602755372973,0.007231008013153166
2023-02-01,2.3583038145542603,0.007885527877303922
2023-02-02,2.3975828669292554,0.008146302518666795
2023-02-03,2.4174268689234277,0.00875961638422824
2023-02-06,2.409774851115412,0.00904151387161488
2023-02-07,2.2869408959519886,0.008987430434002366
2023-02-08,2.325981521448385,0.005770831377303871
2023-02-09,2.2833671475236,0.010474983163434152
2023-02-10,2.306272346855896,0.009988434004821918
2023-02-13,3.0701553682435923,0.008393292323732753
2023-02-14,2.6640970196190485,0.008456587556733907
2023-02-15,2.898688306319282,0.008624635606520378
2023-02-16,3.3284550383703535,0.006753788983158585
2023-02-17,3.2889158121016555,0.00880290946218401
2023-02-20,3.2462022847926795,0.014913460104025623
2023-02-21,3.055672252187854,0.01497632647647973
2023-02-22,2.991359930287654,0.015401885794409763
2023-02-23,3.073743044655863,0.014972964146794075
2023-02-24,3.0330481268047285,0.014044317790211109
2023-02-27,2.9297657702968074,0.005465678189570566
2023-02-28,2.804077163291513,0.00675176755096558
2023-03-01,3.000470771401771,0.009499223188562589
2023-03-02,2.7542124654893976,0.009588162956142145
2023-03-03,2.7307087370081646,0.007309983454690076
2023-03-06,3.0095447272227602,0.0075741624098861595
2023-03-07,3.4648248831502064,0.010618437846980279
2023-03-08,3.2486634243263417,0.006464698864353564
2023-03-09,3.411399637728832,0.006374632186142404
2023-03-10,3.180798489953375,0.00540683291828014
2023-03-13,3.119185725634566,0.010026542276391544
2023-03-14,3.2992367810444665,0.008562614952974184
2023-03-15,2.70662199874663,0.008707821926610529
2023-03-16,2.6055219307813946,0.009757142960311112
2023-03-17,2.7460120690285983,0.008852066483278912
2023-03-20,2.6159880270451126,0.006496025182553938
2023-03-21,2.6582413964986875,0.008864846052784056
2023-03-22,2.411010577302595,0.009086225808670146
2023-03-23,2.8218270885443917,0.006330230991127293
2023-03-24,2.762381784770977,0.007278270326236345
2023-03-27,2.9585564614162747,0.006897799925738696
2023-03-28,3.1521715722382293,0.0060259399781207425
2023-03-29,3.182685426246352,0.005763065479596798
2023-03-30,3.30000155852483,0.005013465225340009
2023-03-31,3.012586196280756,0.00484695526156292
2023-04-03,3.3222456003708443,0.005213848044779824
2023-04-04,3.467271678943777,0.0035695177537708074
2023-04-06,2.890276430177158,0.004522631193025901
2023-04-07,2.852046918298387,0.004255299176876793
2023-04-10,3.072628530977628,0.005801428895893738
2023-04-11,3.026641947301983,0.004312659538254964
2023-04-12,2.8541209705380313,0.0040691064261908815
2023-04-13,3.027324007741414,0.005070511837127312
2023-04-14,2.9432657610724946,0.0047472164143877605
2023-04-17,2.8915476187586178,0.007972230170458526
2023-04-18,2.9014257445635123,0.007752828228916716
2023-04-19,2.9431285954864834,0.0094529049312269
2023-04-20,3.2368105041673068,0.008702385080894789
2023-04-21,3.772516542336706,0.012615000558199186
2023-04-24,3.523395751382049,0.008701625492040599
2023-04-25,3.5165943596717435,0.006604471777264457
2023-04-26,2.96463847967618,0.007739385789656275
2023-04-27,2.887570880444681,0.010376536422822373
2023-04-28,2.736166445619051,0.009184785953249132
2023-05-04,2.67746635277108,0.006237654135105399
2023-05-05,2.987391449686716,0.00576176632335018
2023-05-08,2.9247817197472035,0.006418068556067309
2023-05-09,3.298072806036124,0.008634691297587248
2023-05-10,3.0850192063746134,0.008078997381944274
2023-05-11,2.992721886945621,0.008014358135242683
2023-05-12,3.2643209131447395,0.009528685122738549
2023-05-15,3.276440392197824,0.01121784332825275
2023-05-16,3.1094140658218326,0.010904051021903725
2023-05-17,3.073086510264851,0.010609754051058459
2023-05-18,3.1352033970554256,0.010615273912425918
2023-05-19,3.1168411871913446,0.00861933579566655
2023-05-22,3.3135080058716717,0.004623388426815102
2023-05-23,3.0572062325062572,0.007352594158125622
2023-05-24,3.000545014927358,0.008786561339099552
2023-05-25,3.0389350091115017,0.008663228878661597
2023-05-26,2.909225562038995,0.00897793643209203
2023-05-29,2.850966653198244,0.006664682882054514
2023-05-30,3.1254835833887986,0.0059509733414237495
2023-05-31,3.156754393430205,0.004478951060486494
2023-06-01,3.159357548127754,0.0050997713506732425
2023-06-02,2.802494302607327,0.009169701645275079
2023-06-05,2.5538744641960607,0.009188361289114974
2023-06-06,2.9579818632751587,0.010187612133990418
2023-06-07,2.903905646848732,0.009293882249154796
2023-06-08,2.9039102510590347,0.010065517397665695
2023-06-09,2.762005245842839,0.007245659722556749
2023-06-12,3.1607938688508677,0.00709879717257516
2023-06-13,3.053439754419313,0.0049405987829215375
2023-06-14,3.127979257470167,0.003194341534799869
2023-06-15,2.8687852115300423,0.0062205888985930515
2023-06-16,2.997379638475045,0.0064269296505313255
2023-06-19,2.722843690499911,0.009227920478198114
2023-06-20,2.7637344900581344,0.009596461704154506
2023-06-21,3.0643060838492864,0.01276115848725158
2023-06-26,3.3149161427735407,0.010249455291155918
2023-06-27,2.8293482588971317,0.010149610859317515
2023-06-28,2.934095140525139,0.010250343099682716
2023-06-29,2.6025874809489675,0.010123734914590165
2023-06-30,2.6700926527527264,0.00914685195283701
2023-07-03,2.822433621557207,0.007423804208689883
2023-07-04,2.599392523010822,0.006904749495543099
2023-07-05,2.6995381446096998,0.008324557569550974
2023-07-06,2.6521781624640686,0.00870176305448651
2023-07-07,2.7912295823577735,0.008605558960981342
2023-07-10,2.8950646954970276,0.005480095902932275
2023-07-11,2.7838290238494423,0.006714493121108415
2023-07-12,2.990514581731049,0.0064904228883487704
2023-07-13,2.739175703182517,0.008570932463837895
2023-07-14,2.5114471523395503,0.007795771778128716
2023-07-17,2.1080313718733077,0.009386525570177912
2023-07-18,2.170519364471909,0.009006196623400693
2023-07-19,2.263348619882096,0.008396113464267201
2023-07-20,2.749320284105895,0.003660452980667336
2023-07-21,2.7217480171958344,0.0034914866733266334
2023-07-24,2.853638676710278,0.0026608770586705466
2023-07-25,2.012206649011689,0.014607943490135958
2023-07-26,1.7092700751798688,0.014688531640183695
2023-07-27,1.9711183664188376,0.013899039217777614
2023-07-28,2.6429935477055073,0.015818766829872575
2023-07-31,2.6203248568602038,0.014296342470103734
2023-08-01,2.4771168315747096,0.011171781574492527
2023-08-02,2.589892778428831,0.01205759470620983
2023-08-03,2.5523860456405596,0.01196629347319745
2023-08-04,2.85739004949248,0.006707286093068692
2023-08-07,2.3667964268487003,0.0072436061944515205
2023-08-08,2.515730261137621,0.007119516490643691
2023-08-09,2.2876127281465086,0.006454527742003693
2023-08-10,2.4666036012245716,0.00453356208565813
2023-08-11,2.9137747549833746,0.009659412009809201
2023-08-14,2.8471711443844754,0.009655026138611114
2023-08-15,2.5464113433819535,0.009674940813554371
2023-08-16,2.6442430723742074,0.00945350101236105
2023-08-17,2.7636503439645694,0.009794457319742983
2023-08-18,2.560948470587761,0.005915087077451355
2023-08-21,3.0904937793509735,0.007244236447334394
2023-08-22,3.3497150193602123,0.009703921052185755
2023-08-23,3.012128653506581,0.011089031417297621
2023-08-24,3.351295074912776,0.012044122738914595
2023-08-25,3.149174629042696,0.01145307289048803
2023-08-28,2.209980213715547,0.01144695587348236
2023-08-29,1.8801796757712683,0.01180915842598198
2023-08-30,1.730600069423049,0.006755769197635104
2023-08-31,1.6628075630879229,0.008124862519213264
2023-09-01,1.7138772547664365,0.007510401213938558
2023-09-04,2.7704882957175725,0.008443866645941605
2023-09-05,2.624680755618174,0.009461831615277654
2023-09-06,2.5836826955578225,0.00958780723664242
2023-09-07,2.526364786516529,0.01156654646654662
2023-09-08,2.755234150510512,0.01090040945921511
2023-09-11,2.764605858376851,0.007840932878980337
2023-09-12,2.539179892134424,0.007668085201823705
2023-09-13,2.8154718133785925,0.007766949565122367
2023-09-14,3.0054502106082177,0.005347467022357751
2023-09-15,3.2409625984115276,0.0056786969437674145
2023-09-18,3.273054494582289,0.004802021560598486
2023-09-19,3.2265566160660253,0.004800893283942386
2023-09-20,2.837772102278735,0.00437391892742045
2023-09-21,3.0751345004651016,0.0053894116281054845
2023-09-22,3.3608009171580795,0.010489196806845518
2023-09-25,3.0222405151109593,0.01081747285982639
2023-09-26,3.1510540866992187,0.011071185858748068
2023-09-27,3.390584019275587,0.01105424064291829
2023-09-28,3.1279829964202848,0.010156890907008453
2023-10-09,2.827682407384379,0.003495003166091463
2023-10-10,2.6144066825641827,0.003765110631667072
2023-10-11,2.5195892605334516,0.0041709336367325945
2023-10-12,2.3500755802763815,0.006419364591467171
2023-10-13,2.140630316182215,0.008018365636090504
2023-10-16,2.394714199872393,0.008898792128592178
2023-10-17,2.428756310643018,0.00891770977849404
2023-10-18,2.4043835635216553,0.009072847278481353
2023-10-19,2.9546624311038574,0.008852304034474274
2023-10-20,3.109332824341315,0.008891684566499908
2023-10-23,3.146267605425956,0.00890645930343537
2023-10-24,3.3980906899577628,0.008967703542382695
2023-10-25,2.551697730681889,0.010828332322957863
2023-10-26,2.5786059861599515,0.0068855358201578695
2023-10-27,2.767897897619857,0.008630059631763411
2023-10-30,2.6506691690958437,0.004366615303802288
2023-10-31,2.505260769744719,0.006091557073179043
2023-11-01,3.2783215447261043,0.006528470084382425
2023-11-02,3.247349558322357,0.007592008300247071
2023-11-03,3.355181257407232,0.005738670347488503
2023-11-06,2.8351521192818763,0.007885998404418367
2023-11-07,2.556095056475999,0.007961307625724468
2023-11-08,2.777664233807459,0.0081988781707057
2023-11-09,2.7671516360278288,0.007381751392083317
2023-11-10,2.540566097987213,0.007975432335943876
2023-11-13,2.834764872758778,0.0028397241876623896
2023-11-14,2.7765234654941278,0.0032330656697899837
2023-11-15,2.3839540837816235,0.005174155993114744
2023-11-16,2.3797217152122947,0.006627115993568345
2023-11-17,2.748910813766125,0.005994602057512295
2023-11-20,2.678485539634962,0.0061281339111714005
2023-11-21,2.7336863579577972,0.006155247711454332
2023-11-22,2.6489864290290024,0.006037923227879512
2023-11-23,2.7846977444060537,0.005805292314358719
2023-11-24,2.7871435505892856,0.006416568198640121
2023-11-27,2.670196177920502,0.006373419638598877
2023-11-28,2.6986756900503135,0.006482804974455875
2023-11-29,2.7876318268575675,0.006084470671006652
2023-11-30,2.8857640783773872,0.005299883283397521
2023-12-01,3.1999114683340735,0.005057255678648586
2023-12-04,3.032969885150438,0.004892437330031309
2023-12-05,3.145791617172693,0.0078030649943765336
2023-12-06,2.9843191212813625,0.00861322048928141
2023-12-07,3.078959458323791,0.007827401339061013
2023-12-08,2.8126440079594177,0.008716729718832047
2023-12-11,2.661932353475028,0.009802547132293948
2023-12-12,2.32992566213621,0.0029653361912801574
2023-12-13,2.411049498027838,0.008865825085955415
2023-12-14,2.295444165317588,0.00900826896588353
2023-12-15,2.4280560341457385,0.008616624213922503
2023-12-18,2.6236977849393037,0.006941949459537331
2023-12-19,2.8409778013363156,0.006746737169244959
2023-12-20,2.7356759899910505,0.004461127000164627
2023-12-21,3.2087469242506406,0.007742178049823576
2023-12-22,3.26149251597818,0.00776448600796764
2023-12-25,2.766533328539996,0.007605754002338759
2023-12-26,2.8321318459929046,0.008366324907282553
2023-12-27,2.9068003478517763,0.006031368997942392
2023-12-28,3.251077584437197,0.011111890074546648
2023-12-29,3.0590172321512226,0.010982919663973582
2024-01-02,2.540544560677382,0.013894175936448133
2024-01-03,2.676074193812905,0.0132962941846177
2024-01-04,2.8558676115793675,0.01441726381442009
2024-01-05,2.9129137691889904,0.006835043123291637
2024-01-08,3.0553923852893496,0.004694831841491661
2024-01-09,3.503164943723732,0.005802316998797263
2024-01-10,3.3292872957720725,0.00557084388269829
2024-01-11,3.2041430917440232,0.007185246540004009
2024-01-12,2.997560960611831,0.007084095608933792
2024-01-15,2.879381402209523,0.004193030039250055
2024-01-16,3.1758951336536887,0.0050650448535892265
2024-01-17,3.2376086289134207,0.011328300045514817
2024-01-18,3.721490361487357,0.013378538501885069
2024-01-19,3.1463847251999124,0.013323121746142278
2024-01-22,3.46083960840291,0.01487626829866977
2024-01-23,3.190430488362816,0.014565469208893943
2024-01-24,3.293318258740107,0.01235445360166194
2024-01-25,3.186109050712813,0.013883374683809877
2024-01-26,3.1050761390371955,0.014017947362752293
2024-01-29,3.3834158354908315,0.011863851821320033
2024-01-30,3.3908082200974925,0.015813050128729536
2024-01-31,3.5073221911630323,0.014349207488588393
2024-02-01,3.43374396635083,0.00710995311808548
2024-02-02,3.2122213179060335,0.006708228529800103
2024-02-05,3.55047799297294,0.009824286529535422
2024-02-06,3.1333387331436557,0.01862224597763338
2024-02-07,2.8358323873526907,0.017084553217610543
2024-02-08,2.9042026392728943,0.01666863330503941
2024-02-19,2.826285554066584,0.01193591365769367
2024-02-20,2.766644816653553,0.012752926097505533
2024-02-21,3.430701970984734,0.004510701972636831
2024-02-22,2.84716139179312,0.004476002088315806
2024-02-23,3.027714607452417,0.005629530622943526
2024-02-26,3.053876388707754,0.009044856784554696
2024-02-27,3.36781794837988,0.00986208397221696
2024-02-28,3.8888815110561117,0.01106222685987207
2024-02-29,3.2928281375732498,0.01382222515452602
2024-03-01,3.188508888582004,0.013940675996734795
2024-03-04,3.2080438788247383,0.012044920501997102
2024-03-05,3.2716329670372457,0.01152043953660849
2024-03-06,3.0622968436375553,0.008648947118447247
2024-03-07,3.3952722381769873,0.005847149433655246
2024-03-08,3.3206030467311316,0.005462808425479631
2024-03-11,3.4169239906744124,0.007720038457103439
2024-03-12,3.3848502311027544,0.007356365765968867
2024-03-13,3.2917697068760945,0.008026472652915662
2024-03-14,3.4274421324657713,0.007414791709955838
2024-03-15,3.2140243816607326,0.007299561540255993
2024-03-18,3.223221313869839,0.006161600369147057
2024-03-19,3.3385253329327034,0.006993339052905982
2024-03-20,3.2931810539514474,0.006218299113893571
2024-03-21,3.3640616617705246,0.006022118574513969
2024-03-22,3.616973673610172,0.007715078186099331
2024-03-25,3.5492305602068486,0.004858662687064474
2024-03-26,3.4360654126186,0.006028753394818521
2024-03-27,3.3834221130399498,0.006797563120964039
2024-03-28,3.565271776248042,0.008082189420998726
2024-03-29,3.469408424614852,0.007700746494374335
2024-04-01,2.6760722229632643,0.010000177974986108
2024-04-02,2.560997989398864,0.010580359383821545
2024-04-03,2.366192232835874,0.008376787138431126
2024-04-08,2.3831088625218424,0.00994869017837432
2024-04-09,2.225323947485425,0.00972865500854359
2024-04-10,3.01741541137312,0.0033299148933902713
2024-04-11,3.016227070091053,0.004029151213401068
2024-04-12,3.0125554435125013,0.004325878946542754
2024-04-15,3.140548956865656,0.011976361667837557
2024-04-16,2.8983313189722564,0.013069687601990537
2024-04-17,2.5859091779011036,0.014153717473295729
2024-04-18,2.9129082459648457,0.014078453312708645
2024-04-19,2.6559436314774674,0.014031892603968756
2024-04-22,3.223756853029621,0.010266297123921922
2024-04-23,3.1156861889186467,0.009493907066897206
2024-04-24,3.075500256810748,0.0052644575838366025
2024-04-25,3.2258443702893924,0.005502306569578558
2024-04-26,3.016221589071483,0.008484537323384661
2024-04-29,3.096386573818979,0.008557963534475391
2024-04-30,2.8040483709559716,0.007996670679503532
2024-05-06,2.462551030867407,0.008925241932199365
2024-05-07,2.335120186579408,0.009282706827071125
2024-05-08,2.050806904541278,0.010000020049244867
2024-05-09,2.2136626017785836,0.00968182039291365
2024-05-10,2.18433090034185,0.008841724462622576
2024-05-13,2.787989231349729,0.006147061337518366
2024-05-14,2.667353027059378,0.006247075520607436
2024-05-15,2.7301316141160044,0.006438546862698521
2024-05-16,2.6844985114820408,0.004567787977140842
2024-05-17,2.922608667985482,0.0070085474531623995
2024-05-20,2.8317331946126925,0.007078361810774411
2024-05-21,2.8360314204244013,0.007365206456472388
2024-05-22,2.844898253906919,0.005108656714669935
2024-05-23,2.8962341869416566,0.008282185098302522
2024-05-24,2.7910148897578027,0.007125696592839351
2024-05-27,3.0968200355916764,0.008995655154038067
2024-05-28,2.9277552981621877,0.00920768826381566
2024-05-29,2.854491693235719,0.009050354525841978
2024-05-30,3.363393224051725,0.008096019823883542
2024-05-31,3.1318229676911455,0.006752382156126396
2024-06-03,3.4184532033709094,0.0042303930202214155
2024-06-04,3.248572476324991,0.005181882049749647
2024-06-05,3.0854428087092924,0.005803751544392891
2024-06-06,3.4616093257277214,0.005295641853840293
2024-06-07,3.4454802712672414,0.005504806678235287
2024-06-11,2.9301531110116588,0.006311953896669044
2024-06-12,2.752931038116323,0.0037572282707390493
2024-06-13,2.727397910510402,0.0036862722664053283
2024-06-14,3.226382736841036,0.005166946529608602
2024-06-17,2.774125722069665,0.0050274052572067286
2024-06-18,2.8948042338037334,0.003679446102150087
2024-06-19,3.0047064472172327,0.0042720928858258535
2024-06-20,3.202856076898952,0.004866376333381649
2024-06-21,3.5081718436437934,0.0037058847871084583
2024-06-24,3.0922170429893567,0.0038229298343052088
2024-06-25,3.083485218408995,0.0018189912062285872
2024-06-26,3.146197908580676,0.005462892402736701
2024-06-27,2.986085934807468,0.005524025579302077
2024-06-28,3.1141725088906718,0.0059745955929447
2024-07-01,3.040513342889424,0.0062310627953400585
2024-07-02,2.89207672045921,0.005608567796170858
2024-07-03,2.7906206008380465,0.004704633921664424
2024-07-04,3.3852563330726055,0.003918999245029688
2024-07-05,3.4468017950341134,0.0038887831265966197
2024-07-08,3.320970892838851,0.002651613697649702
2024-07-09,3.4337046861273164,0.007604915214220991
2024-07-10,2.7829347564425504,0.007626289038610826
2024-07-11,3.083881749336536,0.00932938367800787
2024-07-12,2.7851088819416447,0.00881251946964217
2024-07-15,2.8416744255000808,0.006585053240209118
2024-07-16,3.3030453854297765,0.005613909592134398
2024-07-17,3.4534892138423645,0.004634484555303627
2024-07-18,3.080124796588418,0.002668861667597119
2024-07-19,3.2363273945875957,0.0025792402949995972
2024-07-22,2.9009326852511004,0.005467241190327864
2024-07-23,2.7294865622896753,0.011238181761674038
2024-07-24,3.0469204438772737,0.01101786615104854
2024-07-25,3.2443208526426965,0.009432532003608102
2024-07-26,3.093607371885401,0.008756167442160652
2024-07-29,2.822425822682452,0.00880091914464959
2024-07-30,2.8231445987115444,0.003976024795809454
2024-07-31,3.2297379959795482,0.011869890346670485
2024-08-01,2.6836319738985535,0.012040170419092463
2024-08-02,2.8142635094134074,0.012971503377955069
2024-08-05,3.470123065167291,0.013811343244059523
2024-08-06,2.9736124579251606,0.013689279734919877
2024-08-07,2.9996917175838442,0.005506208092602093
2024-08-08,2.833786879981817,0.006142520482813854
2024-08-09,2.802530321035002,0.005249620583774441
2024-08-12,2.5659534755746836,0.0015309677619336573
2024-08-13,2.7647282938782953,0.0022415272115931246
2024-08-14,2.5201211330891247,0.003854981503963994
2024-08-15,3.312109578967014,0.006625863082353373
2024-08-16,3.210355882137499,0.006358587119297433
2024-08-19,2.538758024702977,0.006249215110523355
2024-08-20,2.7886749586001036,0.007408304694494735
2024-08-21,2.4757172659530666,0.006533702260187378
2024-08-22,2.7343069171287793,0.00411346789345161
2024-08-23,2.531160348193666,0.004829674302185024
2024-08-26,2.7719793482345296,0.004170198406144383
2024-08-27,2.7339860850255597,0.0037129988831030576
2024-08-28,3.435456159177102,0.004112269634519085
2024-08-29,3.3299614397909907,0.00411598958709186
2024-08-30,3.5511130892916496,0.007911900966233421
2024-09-02,2.894375032723299,0.010908575329875204
2024-09-03,2.9685700937911452,0.01112647969941571
2024-09-04,2.8945577709867005,0.011200539385358288
2024-09-05,2.8911157567377885,0.011310804292760292
2024-09-06,2.807828049061503,0.008017945024668155
2024-09-09,2.9561250473318355,0.006330885410971788
2024-09-10,3.175695056860122,0.0058904700921175585
2024-09-11,2.915259560386649,0.005841945002327517
2024-09-12,2.754496352613689,0.00489048563876959
2024-09-13,2.5368712057655536,0.004632177491173506
2024-09-18,2.8394187896315843,0.003536614235414082
2024-09-19,3.2483141592153526,0.00549963054869205
2024-09-20,3.187724732497225,0.005241480356446331
2024-09-23,3.14255319013831,0.00439425200109319
2024-09-24,3.203116559118159,0.01763675589775256
2024-09-25,2.826326689843446,0.017017082962119907
2024-09-26,2.9057735290276576,0.02041442519797227
2024-09-27,2.7087671651048293,0.019153531496598004
2024-09-30,2.348927156761351,0.02501805045909851
2024-10-08,2.81837982861746,0.025606964165262928
2024-10-09,2.4404114765228186,0.05981451431144724
2024-10-10,2.083876638778322,0.060147359189847246
2024-10-11,1.8342288149088748,0.06309296592974835
2024-10-14,1.7854478843375232,0.04927725311339005
2024-10-15,2.3175820785737007,0.03574606698961598
2024-10-16,3.375656858987967,0.02119689723545384
2024-10-17,3.3024122511317775,0.019019252738437156
2024-10-18,3.608672382991143,0.02511650705303285
2024-10-21,3.3643375176872423,0.023365774263172122
2024-10-22,3.014591353931029,0.018520166698753643
2024-10-23,2.975741052079549,0.017439947202099765
2024-10-24,2.8379328607428995,0.017399969052611028
2024-10-25,2.867035592201436,0.007344399651738397
2024-10-28,3.2644835267338737,0.007330465779833356
2024-10-29,3.3974837012082406,0.008348657406771107
2024-10-30,3.3912351003795997,0.008191725558396184
2024-10-31,3.499343066809894,0.00732896131264198
2024-11-01,3.4284706359111183,0.005638566783422401
2024-11-04,3.0796761524903866,0.009664151408638466
2024-11-05,3.539431680239102,0.013529638123065206
2024-11-06,3.6809096715236724,0.01250504164380174
2024-11-07,3.4767336586284197,0.015392642253581047
2024-11-08,3.546427440341413,0.017895369899943937
2024-11-11,3.525074624239288,0.017875941585861345
2024-11-12,3.5514757519756848,0.01715894219273114
2024-11-13,3.457428240459583,0.01671506226013227
2024-11-14,3.2860011849567874,0.010867456324246008
2024-11-15,3.3037567005258692,0.01215278074304529
2024-11-18,3.5764137883296776,0.009932873714074192
2024-11-19,3.477500099777152,0.011939625696916284
2024-11-20,3.1577314500310605,0.011095396643642619
2024-11-21,2.9469276321456688,0.009341189508200643
2024-11-22,3.2653286196864464,0.014993348462861275
2024-11-25,3.6384895734749554,0.014994202364688366
2024-11-26,3.3382718236265627,0.013720209962389682
2024-11-27,3.3766132961044653,0.017423774204264175
2024-11-28,3.2411757204269955,0.017303523371489087
2024-11-29,3.2529599105347535,0.011177059664590039
2024-12-02,3.0341336161272294,0.01053588059591949
2024-12-03,3.1584675149390664,0.010082306398629854
2024-12-04,3.1036758258370947,0.008555374862034606
2024-12-05,2.8520519193745213,0.006988976118801901
2024-12-06,3.5023722859622763,0.007570662221994786
2024-12-09,3.127216762236559,0.007180705210628473
2024-12-10,2.346960139005125,0.007725888861377834
