date,ambiguity_metric,risk
2018-01-09,0.005197856487538408,0.0017383918259038763
2018-01-10,0.005457541810081681,0.0016636217444958572
2018-01-11,0.003875695074422739,0.0028787585929508403
2018-01-12,0.004423338740779516,0.0028001134309180056
2018-01-15,0.0057706388883748475,0.0032287469208659584
2018-01-16,0.006202441702375605,0.0034994450946163273
2018-01-17,0.007255006825981209,0.00421283328709151
2018-01-18,0.006611505508088692,0.00419911706723661
2018-01-19,0.005115448400869671,0.004121669849805843
2018-01-22,0.0055720381141992,0.005353603617539184
2018-01-23,0.005036009838786426,0.005812671549240233
2018-01-24,0.004721924954852481,0.004510531545702513
2018-01-25,0.003963473208242334,0.007164626730539802
2018-01-26,0.004073224125711409,0.007150426831395589
2018-01-29,0.004728498403310824,0.010914002095966536
2018-01-30,0.00559093849039469,0.008960564099753302
2018-01-31,0.0057472202537299875,0.00965672265914813
2018-02-01,0.00678361533906578,0.009691519065482691
2018-02-02,0.005763669318330035,0.010260931045451619
2018-02-05,0.004314367088728702,0.007292083711007476
2018-02-06,0.005772141568243603,0.014496392786634732
2018-02-07,0.006045136603801542,0.015301033992192865
2018-02-08,0.005822129573215753,0.015192574484845567
2018-02-09,0.006860513033912909,0.016961283977110445
2018-02-12,0.006482429800139451,0.02119073800033848
2018-02-13,0.006872668503357793,0.023733013400591276
2018-02-14,0.008676319142375204,0.02347307538424616
2018-02-22,0.009180677228473287,0.02565414212862572
2018-02-23,0.0058443209436538825,0.00642631886142777
2018-02-26,0.004913613664830075,0.006395263761485806
2018-02-27,0.005996151779632768,0.01321768108099822
2018-02-28,0.005056710013901306,0.014700433664399852
2018-03-01,0.005204255055094487,0.010951183123010227
2018-03-02,0.005355078732329546,0.011058046488562156
2018-03-05,0.005279638258615755,0.008208549702590376
2018-03-06,0.0029259635384610632,0.009021515315703173
2018-03-07,0.003909790914720528,0.008694558011653315
2018-03-08,0.004120032978690254,0.009449926179942286
2018-03-09,0.0045861854375523784,0.008004856054299523
2018-03-12,0.004821125183548058,0.007671214102068554
2018-03-13,0.004245917614221109,0.008759172520587992
2018-03-14,0.004148548383256286,0.008105384342992628
2018-03-15,0.0043496305587670345,0.0071384433473603804
2018-03-16,0.00390663356447577,0.007264213885468949
2018-03-19,0.004895451675708271,0.007220426587076647
2018-03-20,0.0032852434707360697,0.006376092472371751
2018-03-21,0.0029959353597312556,0.006334243920829113
2018-03-22,0.0044906045084636675,0.006370748948207418
2018-03-23,0.005617155026658869,0.013028045100036034
2018-03-26,0.005392504920144781,0.01134593490320573
2018-03-27,0.0034596416879445367,0.013474910691449548
2018-03-28,0.003313547980462848,0.013866773697802204
2018-03-29,0.0033803218746126912,0.017664470816014476
2018-03-30,0.004716698149294488,0.012445562805388248
2018-04-02,0.004483135216148793,0.012111072004933015
2018-04-03,0.004646403894473069,0.011406362692236417
2018-04-04,0.005354824110340286,0.0075803660644411025
2018-04-09,0.0028937800197615816,0.0028010200317653182
2018-04-10,0.004184344241661853,0.01015399173841492
2018-04-11,0.00413837689192678,0.009841104385342907
2018-04-12,0.005477605701868573,0.010803307884864556
2018-04-13,0.005691132711749043,0.011477946667642791
2018-04-16,0.006240632933115799,0.013828238089367412
2018-04-17,0.00573438684242928,0.007771526305608724
2018-04-18,0.005907866925932582,0.008504965844167904
2018-04-19,0.005387859368023293,0.01253906214713828
2018-04-20,0.0047477650716120125,0.01317266491552358
2018-04-23,0.004228128777371379,0.011996110060425785
2018-04-24,0.0043045905079341544,0.0126542612971537
2018-04-25,0.005948538002539252,0.013279254929927554
2018-04-26,0.006099638194994032,0.015327412100009478
2018-04-27,0.006245624989197093,0.014162602255654468
2018-05-02,0.005952952878236868,0.014173107914063126
2018-05-03,0.0064885833881318765,0.010134559147396952
2018-05-04,0.006425282896913929,0.010175287269233384
2018-05-07,0.006493481432470958,0.007898518957948915
2018-05-08,0.004323494492127007,0.008137453826494053
2018-05-09,0.004537531327595315,0.008787513845033528
2018-05-10,0.004253549539157204,0.008710612380137484
2018-05-11,0.005066679531611154,0.00881078411673579
2018-05-14,0.005429665255701907,0.007208042660134077
2018-05-15,0.004722165788791113,0.0058394890305035795
2018-05-16,0.0032260625039021266,0.007379227783389554
2018-05-17,0.0034524272819462633,0.00770133913051784
2018-05-18,0.004062733697545528,0.008809359471782227
2018-05-21,0.004234468947335821,0.007970287597394958
2018-05-22,0.004187326238956535,0.007945427208407324
2018-05-23,0.004037939929494695,0.009339642038683408
2018-05-24,0.004031602947236605,0.009297024254135993
2018-05-25,0.0037454358591089325,0.006517915765873422
2018-05-28,0.004767902189020866,0.006425187053017168
2018-05-29,0.005622940917824155,0.006548192527347672
2018-05-30,0.004631648571105162,0.0093450372930204
2018-05-31,0.003461774778844307,0.015634774014082184
2018-06-01,0.0032836833111220005,0.015970844511793036
2018-06-04,0.0032392680055349427,0.016706650240505168
2018-06-05,0.0030958113112713147,0.01686817842083275
2018-06-06,0.004628021839787179,0.011541337471707347
2018-06-07,0.005004698057806911,0.008058283234176634
2018-06-08,0.0050620748453966335,0.00974827196132113
2018-06-11,0.004371317101544843,0.008292266522978892
2018-06-12,0.004243945710320483,0.009084451107259665
2018-06-13,0.0045563006650951084,0.009940580220017715
2018-06-14,0.005599329523777409,0.00994312198689371
2018-06-15,0.0059328542766156935,0.008348791988873635
2018-06-19,0.0072103465283995406,0.017140989557086657
2018-06-20,0.006112808405568887,0.01492595717861092
2018-06-21,0.005296554463525449,0.01494141586427505
2018-06-22,0.005284995967549634,0.016264183413734593
2018-06-25,0.005310703728070846,0.016235608552822713
2018-06-26,0.004560922544311779,0.008591105495592548
2018-06-27,0.005463532946485248,0.009122330000874842
2018-06-28,0.005236752192370171,0.009074414410470267
2018-06-29,0.005770055547189416,0.017871933714475565
2018-07-02,0.005520080431174239,0.02083953885665431
2018-07-03,0.0075211193159498155,0.021224534203246583
2018-07-04,0.007394390204826116,0.020321245622480156
2018-07-05,0.00799066453398005,0.02015784582503761
2018-07-06,0.006963980409546533,0.013921219356051262
2018-07-09,0.009028597436044134,0.015798069571309557
2018-07-10,0.008416816316764853,0.015737425971241493
2018-07-11,0.006959004047225279,0.016852797462797896
2018-07-12,0.006555616205404183,0.017712033165992763
2018-07-13,0.003586595448295357,0.01785138710455596
2018-07-16,0.003001609884144577,0.014259165345696287
2018-07-17,0.0029000100875798507,0.014569079660344769
2018-07-18,0.004455619097480493,0.011950770225551272
2018-07-19,0.004888874808228835,0.0042034671970683
2018-07-20,0.005324732209439551,0.010726434659125504
2018-07-23,0.005159060514155338,0.010785905459749785
2018-07-24,0.005215757159559084,0.010419178505642888
2018-07-25,0.005589836147639393,0.00924461357122253
2018-07-26,0.005514002843930697,0.012584404774788832
2018-07-27,0.005121976672660397,0.010958577421776965
2018-07-30,0.005934458855494429,0.010089308416800072
2018-07-31,0.006243654261092319,0.004817962441086879
2018-08-01,0.005842538053060226,0.008424020354541019
2018-08-02,0.006547637518038152,0.010755589562337213
2018-08-03,0.006735664608125613,0.010662246073965197
2018-08-06,0.007653411432115387,0.009049757410016086
2018-08-07,0.006438427173552272,0.021342475674725785
2018-08-08,0.006646812736718483,0.020887125318194096
2018-08-09,0.006586186968116288,0.02322824770169784
2018-08-10,0.006650851032643714,0.02093602554024613
2018-08-13,0.003616650752590796,0.019395690833463538
2018-08-14,0.004267878730714833,0.015305825811404945
2018-08-15,0.005456728746605968,0.01764440738894993
2018-08-16,0.006628961648573089,0.00986997503620882
2018-08-17,0.005790135481486792,0.008639649009685765
2018-08-20,0.005522520717018129,0.013225957180550314
2018-08-21,0.005557265907031173,0.01757460115112844
2018-08-22,0.006329529299260284,0.013422335008425549
2018-08-23,0.0063612857665147435,0.013053270847312226
2018-08-24,0.007098544638730215,0.009221606907104121
2018-08-27,0.005120491172188006,0.012427577342574981
2018-08-28,0.005581994476585852,0.011717600924048352
2018-08-29,0.006087536228805788,0.011387468108987204
2018-08-30,0.005695925033624787,0.013309143463895284
2018-08-31,0.005065323715093202,0.01367382114953111
2018-09-03,0.005019960717339357,0.003226946653978484
2018-09-04,0.004993241137393964,0.008694434045704223
2018-09-05,0.00417508856402854,0.01175834506973768
2018-09-06,0.005669084682267084,0.011793779285451672
2018-09-07,0.00556419865904625,0.012591357532168522
2018-09-10,0.0056401019530127085,0.013556357421716127
2018-09-11,0.005508792146180941,0.00969877966351563
2018-09-12,0.005497449198833013,0.007479800300651308
2018-09-13,0.003980861870614367,0.009817868589593956
2018-09-14,0.00457226832052184,0.009454078383657881
2018-09-17,0.003993913943256046,0.008509163104221725
2018-09-18,0.004125347491767475,0.012867907275105953
2018-09-19,0.0046119334708104726,0.012180421767743314
2018-09-20,0.00556556629078868,0.012338718679848766
2018-09-21,0.006204754995712701,0.016585388533845478
2018-09-25,0.004433722407087999,0.015795666955893628
2018-09-26,0.004663724622839249,0.01495448268510628
2018-09-27,0.004316809528115395,0.01570808131324607
2018-09-28,0.004323430714582214,0.015384110889850464
2018-10-08,0.0046881279352092055,0.02202329155434911
2018-10-09,0.004224050033831654,0.02214171761757287
2018-10-10,0.004341161230617837,0.020418405822746497
2018-10-11,0.005068865996442112,0.026800670743844405
2018-10-12,0.004259766096310048,0.028002327801058713
2018-10-15,0.0038287728184067033,0.023602874016689823
2018-10-16,0.004257621205162837,0.02309480826789009
2018-10-17,0.0040013436247091656,0.024112653083812084
2018-10-18,0.004971246625769451,0.015368509114322373
2018-10-19,0.005570093334657629,0.020657655836885804
2018-10-22,0.006377405038709654,0.027224360697042628
2018-10-23,0.0059872349511667445,0.031132840769949537
2018-10-24,0.0053007796899590095,0.03118852987798562
2018-10-25,0.004583581405627181,0.027203854808518068
2018-10-26,0.004379283256990079,0.025390196845818943
2018-10-29,0.005108517176453637,0.015479153935135794
2018-10-30,0.004042610486053386,0.01569820817852803
2018-10-31,0.003797284434500426,0.017761695380772824
2018-11-01,0.00491689969467195,0.01823012589757576
2018-11-02,0.004092810220958597,0.023879444811829444
2018-11-05,0.003384607043875976,0.01578546596487427
2018-11-06,0.0022224452724432836,0.017749377369748923
2018-11-07,0.0020999848716710574,0.01852664473365805
2018-11-08,0.002262842527057041,0.018679430626506743
2018-11-09,0.004225546843853199,0.004157634138703132
2018-11-12,0.004096858871729081,0.009564892145124635
2018-11-13,0.004944487747050567,0.011094909426329427
2018-11-14,0.00513099007428091,0.011676530962112236
2018-11-15,0.005383560882958529,0.012851411206282233
2018-11-16,0.004987244861320417,0.009237226672706092
2018-11-19,0.005429923146090445,0.009144720679097973
2018-11-20,0.004912540132291692,0.015137076732189645
2018-11-21,0.0048097182169134734,0.014301581431987606
2018-11-22,0.00505842862683015,0.013153717431735767
2018-11-23,0.005478008265500861,0.015181481156840662
2018-11-26,0.005026599735622512,0.012192560412085045
2018-11-27,0.005469579986584682,0.009721080470706763
2018-11-28,0.006230967374095195,0.01259040286417499
2018-11-29,0.00574717936604065,0.0133972960149556
2018-11-30,0.005704323108337068,0.010659934906822953
2018-12-03,0.0038268520269987677,0.015462727377071753
2018-12-04,0.0033182365865160966,0.01504936154633397
2018-12-05,0.002811437501850417,0.01570322320455989
2018-12-06,0.0029024924512877554,0.01837756901310972
2018-12-07,0.002368639555930191,0.017795089873953184
2018-12-10,0.0036149654167292765,0.009620970653816258
2018-12-11,0.003400197577060768,0.010325717282089083
2018-12-12,0.003014909103665932,0.011301041004513908
2018-12-13,0.003406289019246698,0.009731490611788221
2018-12-14,0.004163751053940956,0.013065222809697788
2018-12-17,0.005415331591674895,0.011719652673334286
2018-12-18,0.0059348509019472835,0.012462799509718944
2018-12-19,0.005342714705775051,0.012702837671320116
2018-12-20,0.006114658786613856,0.005611830416328047
2018-12-21,0.006110180164259641,0.004468470835705865
2018-12-24,0.00668022102544941,0.006319933940391955
2018-12-25,0.005746290534436299,0.006168085335120561
2018-12-26,0.005379386483988688,0.0055889831355287155
2018-12-27,0.003925225290880175,0.005531686148985225
2018-12-28,0.003835887019669623,0.005793821071985878
2019-01-02,0.003164215343066333,0.007356050926892175
2019-01-03,0.004808840636181876,0.0073150905248564385
2019-01-04,0.004665568681202231,0.014110083970639141
2019-01-07,0.005783943189454508,0.013715517451557937
2019-01-08,0.005867009547582289,0.01389455804803703
2019-01-09,0.005999531383165891,0.010658613717175351
2019-01-10,0.005281396386470525,0.010721200776258254
2019-01-11,0.004833135659005259,0.00555209580761332
2019-01-14,0.004056003305268185,0.007633885093207475
2019-01-15,0.00471394816982622,0.01095186825841311
2019-01-16,0.005155026999957453,0.01075463986680778
2019-01-17,0.0051775489973970934,0.011298569907862944
2019-01-18,0.005274868899029962,0.01332892813892614
2019-01-21,0.005439301856140797,0.011051883369853226
2019-01-22,0.005648623021644698,0.011880449606948925
2019-01-23,0.005602313938056585,0.011903927592733727
2019-01-24,0.005883661655134347,0.011451669279555156
2019-01-25,0.005424936994769075,0.008657778671719435
2019-01-28,0.004917271475021661,0.008291790298968576
2019-01-29,0.0055638413480161965,0.00378702542268389
2019-01-30,0.005469810740173875,0.006256334795100467
2019-01-31,0.0053098779415988616,0.007290469947010065
2019-02-01,0.006353721547614591,0.008799314113696893
2019-02-11,0.006211937163783983,0.010335385044251253
2019-02-12,0.006092480109455655,0.010056974487412823
2019-02-13,0.00574991364920175,0.005301651486640564
2019-02-14,0.0059429924903380196,0.007757235492099411
2019-02-15,0.006976932068448019,0.01560358725560601
2019-02-18,0.005619164189505473,0.019205723365200635
2019-02-19,0.006598320140299528,0.01976136182886556
2019-02-20,0.006610885563301025,0.018288828315644236
2019-02-21,0.006763808097724819,0.018488065320971893
2019-02-22,0.005980049841242543,0.01565509235723046
2019-02-25,0.005241983970631378,0.026224158535519376
2019-02-26,0.007424931676667197,0.028296702322984757
2019-02-27,0.007289977136615467,0.028884663429335104
2019-02-28,0.007726490317926688,0.028854919936454625
2019-03-01,0.007265994262616348,0.028808376240349282
2019-03-04,0.00544719986135527,0.013332426595715008
2019-03-05,0.005024275823885136,0.010148196614321255
2019-03-06,0.005102145616144931,0.008890923832341472
2019-03-07,0.005070343578259309,0.011651309729328794
2019-03-08,0.004022368574618887,0.02127960689950184
2019-03-11,0.00411903825894212,0.023054106233269967
2019-03-12,0.004017388330494895,0.023159117677016457
2019-03-13,0.004233452711154762,0.02229420195779994
2019-03-14,0.0043302781772820535,0.022199522731724635
2019-03-15,0.005436344710013739,0.01222273574526618
2019-03-18,0.0053138829009169285,0.015162988346431048
2019-03-19,0.006649474887175675,0.01595264386510563
2019-03-20,0.005686599309272972,0.014665538674574785
2019-03-21,0.004896874119636409,0.013370173793343623
2019-03-22,0.006613276959663053,0.013425204765602904
2019-03-25,0.0036216146270456905,0.010297216214361056
2019-03-26,0.0036905851207827516,0.010558316544335429
2019-03-27,0.0038218100722474365,0.013349309046872909
2019-03-28,0.004084454069538169,0.013067283329934891
2019-03-29,0.004448180605223878,0.024018879395802856
2019-04-01,0.005193143699166027,0.02068006038122317
2019-04-02,0.004348927739198774,0.018024003806792557
2019-04-03,0.0039035837894774244,0.01798612871099652
2019-04-04,0.003865094631853014,0.015251849154886346
2019-04-08,0.0039736610656768865,0.01128775487395824
2019-04-09,0.0035250706223401733,0.006260153980596746
2019-04-10,0.00342694677359595,0.005659079973924884
2019-04-11,0.005162414020266523,0.012117657163329966
2019-04-12,0.005611985782907118,0.010426922505398815
2019-04-15,0.005209903427182001,0.010350106248604567
2019-04-16,0.005418963772820163,0.01772304604621751
2019-04-17,0.004988356428090161,0.017690617134164068
2019-04-18,0.005572674553116315,0.013490082618119896
2019-04-19,0.0051946673756553844,0.013398144062887966
2019-04-22,0.006222797974413765,0.01885275674789474
2019-04-23,0.006037520738161459,0.012630210905492253
2019-04-24,0.00669954959148404,0.012844337935111236
2019-04-25,0.0055130880052120836,0.015490062083113194
2019-04-26,0.005248137261093786,0.01167852991023419
2019-04-29,0.005281710003957021,0.010957086951462301
2019-04-30,0.005757284967493379,0.01167670481060526
2019-05-06,0.004701930941330714,0.02528535717127499
2019-05-07,0.004245240346036722,0.0277563299941081
2019-05-08,0.003942179794440074,0.027778647389763277
2019-05-09,0.004164346733292757,0.026667940113478398
2019-05-10,0.003433544606857141,0.03523739367041882
2019-05-13,0.0054008153804503386,0.02362519698554387
2019-05-14,0.005271400429473063,0.02293889662742379
2019-05-15,0.0060473014164757035,0.0246008863992532
2019-05-16,0.005379768252817154,0.021415241158752756
2019-05-17,0.005569604922560696,0.018680646990754408
2019-05-20,0.006856732061383695,0.017678673953321608
2019-05-21,0.006499835053324235,0.018834694838313442
2019-05-22,0.007132919451806729,0.01466431066227103
2019-05-23,0.005744388425188739,0.014792417622731504
2019-05-24,0.005585399080920494,0.011863138575474675
2019-05-27,0.005360007936739512,0.012976532511137999
2019-05-28,0.004695526130119311,0.012134100060942518
2019-05-29,0.005163875891850882,0.011922743253597668
2019-05-30,0.004843736857467153,0.007718123095823667
2019-05-31,0.004681432000750961,0.008233035104446838
2019-06-03,0.004646811679675605,0.006049061226945373
2019-06-04,0.005873477908236617,0.003783302678928142
2019-06-05,0.004219326489160477,0.004088019194954711
2019-06-06,0.004951006766017278,0.004675493449507051
2019-06-10,0.005529422968247695,0.009066972503459784
2019-06-11,0.006765625588487023,0.016723207948413338
2019-06-12,0.0060432344040417104,0.016386682688071454
2019-06-13,0.0065718506800436114,0.01649419264831713
2019-06-14,0.005784398393190635,0.016340573561023496
2019-06-17,0.006197135019460175,0.01581136520627851
2019-06-18,0.005162636666985807,0.005046477015605048
2019-06-19,0.0026613888273337265,0.007864884057151285
2019-06-20,0.005280302871684652,0.01477370875129186
2019-06-21,0.005375538633705461,0.0126267347390024
2019-06-24,0.005061855415546624,0.012281473885184326
2019-06-25,0.005490111777889639,0.015332941639900467
2019-06-26,0.0071145324919489,0.015359555415016603
2019-06-27,0.005827656744117949,0.007591185939401334
2019-06-28,0.006165346752399135,0.007649536322363755
2019-07-01,0.005324652432863777,0.015313185573635665
2019-07-02,0.00466341453699129,0.013228657008185945
2019-07-03,0.004039873870327713,0.015280743568235711
2019-07-04,0.0039047127615664833,0.015529655254953964
2019-07-05,0.0032596624396904385,0.015351061643630683
2019-07-08,0.005883091171918067,0.011014478685530404
2019-07-09,0.004652121275711823,0.01061454956974535
2019-07-10,0.004921855564277997,0.010627065806856377
2019-07-11,0.004976499252144404,0.010874088132837932
2019-07-12,0.004163650534238305,0.011109409587810594
2019-07-15,0.004202082991435238,0.0038122865330599298
2019-07-16,0.004869879864655,0.004358183060472459
2019-07-17,0.004823711661976388,0.0042311800771803925
2019-07-18,0.005282359179938119,0.006381235788499656
2019-07-19,0.004812042065193753,0.007718911067062792
2019-07-22,0.004069711971731371,0.007827642282654956
2019-07-23,0.004364943844220997,0.007903830638731494
2019-07-24,0.004606400249068288,0.008834483930974326
2019-07-25,0.005658288545388888,0.007005933583189842
2019-07-26,0.0050585755748892925,0.006124024215556911
2019-07-29,0.003667114797390686,0.00406676976571593
2019-07-30,0.004302573248681693,0.0039621569069500095
2019-07-31,0.004449490003143435,0.00646955968422452
2019-08-01,0.004512398877444036,0.0059706925157477315
2019-08-02,0.0030545094476937783,0.007378739963805508
2019-08-05,0.004054397912084361,0.008785139615645327
2019-08-06,0.005689035487384468,0.00452319873517026
2019-08-07,0.00460478119109318,0.005797146806662937
2019-08-08,0.005461748518993714,0.012630485490716463
2019-08-09,0.005121582622015655,0.012060726985491816
2019-08-12,0.004426329595291581,0.013395315303582803
2019-08-13,0.003570748590082749,0.013031115048831969
2019-08-14,0.004397473014809732,0.01264034982961982
2019-08-15,0.0034192670637497786,0.01143167862317649
2019-08-16,0.0025733848602356984,0.00958709676351429
2019-08-19,0.00319155699625634,0.010948888651796277
2019-08-20,0.0031200844002591405,0.00873142183294127
2019-08-21,0.0033462679971472437,0.009487605165065445
2019-08-22,0.0056699361829671835,0.009490150907742943
2019-08-23,0.0052584866762346106,0.009504842344832065
2019-08-26,0.0038111843923919323,0.00811189669905749
2019-08-27,0.0032826918780793197,0.010513265354085422
2019-08-28,0.002634517387568131,0.010721160142764799
2019-08-29,0.0021358361476240552,0.010807467855341675
2019-08-30,0.0019117423481599474,0.010194222726112877
2019-09-02,0.0037849368371318526,0.008422534410226697
2019-09-03,0.0037529337101739123,0.0066832388098028135
2019-09-04,0.00380852956633497,0.006294945559672853
2019-09-05,0.003922953968575245,0.004942068927919931
2019-09-06,0.004248724594914857,0.004354048140043863
2019-09-09,0.004248067601226462,0.0032934644408263406
2019-09-10,0.003537772504094521,0.005252916804680107
2019-09-11,0.004686762918733647,0.007343657495531484
2019-09-12,0.004790690277884754,0.007517819201784079
2019-09-16,0.0051218046708034135,0.007625710428270123
2019-09-17,0.005916997474047847,0.009917048748614746
2019-09-18,0.005836428074236098,0.010716956170233383
2019-09-19,0.005020261196382685,0.010585902100559335
2019-09-20,0.0043145631223881,0.00900605596439307
2019-09-23,0.004327691138954609,0.010015970790139302
2019-09-24,0.0038288535299060263,0.006737731440920212
2019-09-25,0.004040241808585597,0.0070577121591366716
2019-09-26,0.004251462324276935,0.0066004917940232785
2019-09-27,0.004341063216873556,0.006634334670677386
2019-09-30,0.005479468985580643,0.006241605077953469
2019-10-08,0.00531844692034358,0.00724280541225702
2019-10-09,0.004913453608208799,0.006985396570598031
2019-10-10,0.004826954039552607,0.007019793841022104
2019-10-11,0.004481066182945654,0.007873914041913564
2019-10-14,0.003888353290778786,0.0036249846862745246
2019-10-15,0.004341547389394682,0.006353281115558722
2019-10-16,0.004089124461960175,0.0073546197323811876
2019-10-17,0.003671177437934387,0.007084190770528744
2019-10-18,0.0052823777003895445,0.008983179800363675
2019-10-21,0.006694433323752771,0.006604381818833276
2019-10-22,0.007363638780701348,0.0073771597357630975
2019-10-23,0.007058700426440003,0.007627824452968776
2019-10-24,0.007161928788071259,0.007554466055695858
2019-10-25,0.006129299405279009,0.0049935249642781695
2019-10-28,0.005175604154723519,0.005738620683671914
2019-10-29,0.0054928625547388645,0.006306517158785981
2019-10-30,0.0052200017047578755,0.005904625688394903
2019-10-31,0.004422923862225949,0.0059740135436194795
2019-11-01,0.004774582211567104,0.009283750983571103
2019-11-04,0.005285712672125823,0.009150465305071052
2019-11-05,0.005608333304332025,0.008362233075070467
2019-11-06,0.005255813630958392,0.008254540083574763
2019-11-07,0.0052532956627010475,0.00782225975317709
2019-11-08,0.0044443958528141495,0.005495815125125166
2019-11-11,0.004021030270134951,0.008992506637881974
2019-11-12,0.004244738840168283,0.007619744487694225
2019-11-13,0.004529983255069048,0.007837896497712351
2019-11-14,0.004276491756312662,0.0077911567301188365
2019-11-15,0.005770862521874384,0.00791382187447258
2019-11-18,0.0063104157505875546,0.005486015998737289
2019-11-19,0.006234794695075263,0.00699966087331555
2019-11-20,0.005675424744132334,0.008909887938064704
2019-11-21,0.005186229506630563,0.009149439970816846
2019-11-22,0.007173460982906219,0.009723669499308314
2019-11-25,0.006845405793220758,0.00957694715347811
2019-11-26,0.006669034460252359,0.007916455554190197
2019-11-27,0.006453623111251793,0.006979619253553979
2019-11-28,0.00653870845850622,0.006866164082219611
2019-11-29,0.006288730439461547,0.006410006728626846
2019-12-02,0.00630705123564132,0.004917058636598252
2019-12-03,0.006274938244479076,0.005049202248655772
2019-12-04,0.006332421232472614,0.0049506087134843025
2019-12-05,0.006830111361868893,0.006120789815901557
2019-12-06,0.004350310716800867,0.0031673171115125464
2019-12-09,0.004847229315213346,0.004036991575917882
2019-12-10,0.004310792334273318,0.004074080341906713
2019-12-11,0.004587030248899885,0.003927151056655268
2019-12-12,0.004365855006704431,0.00344886129747644
2019-12-13,0.00374552621663921,0.009360704088759489
2019-12-16,0.003857467591631945,0.00890481685258096
2019-12-17,0.005384817489855993,0.00940532688120277
2019-12-18,0.005885921439660262,0.009970371687338452
2019-12-19,0.005153739675732376,0.009601223681170069
2019-12-20,0.007250764864774503,0.006911778079570255
2019-12-23,0.006033635880332,0.009340454656097666
2019-12-24,0.006297265892066825,0.006750205465728088
2019-12-25,0.006315583686654465,0.00680451320538123
2019-12-26,0.006710600706036162,0.00839774840049872
2019-12-27,0.0075408434295651675,0.00831661701223697
2019-12-30,0.0074860371016860425,0.006648757000779391
2019-12-31,0.006550497567176872,0.0066862079434083935
2020-01-02,0.005437560606634806,0.00666818503081311
2020-01-03,0.0050734776806458815,0.007899097058632273
2020-01-06,0.005044202922198106,0.00857487094228854
2020-01-07,0.00508884549185469,0.007029925058722477
2020-01-08,0.004137242075822796,0.009841664106830253
2020-01-09,0.004795363533207609,0.009544058338734184
2020-01-10,0.0045026354941100025,0.009475145253450138
2020-01-13,0.0040777720482415795,0.009736940988666096
2020-01-14,0.004235102483366995,0.009868854790355819
2020-01-15,0.004722623740992553,0.008106176121049476
2020-01-16,0.005823739109199584,0.006192612101685141
2020-01-17,0.006154691040617851,0.0062677610921022505
2020-01-20,0.005971892658804181,0.005332414622572273
2020-01-21,0.00460396447760259,0.009127655843712478
2020-01-22,0.006607712492729936,0.009649337558069106
2020-01-23,0.007558746096113105,0.016461202821824932
2020-02-03,0.003730247863716354,0.03494716857759205
2020-02-04,0.0036125758107166885,0.03976490658832205
2020-02-05,0.003447499204405983,0.04211181172671846
2020-02-06,0.00333099352120906,0.044071441097627215
2020-02-07,0.0015646817036313865,0.042661695989939616
2020-02-10,0.003405232210013566,0.010676899637810537
2020-02-11,0.004413662047277837,0.00709915431598991
2020-02-12,0.00522890379705067,0.006943207895280819
2020-02-13,0.005521942175397963,0.006315826376496643
2020-02-14,0.005340260486824828,0.006243829256786027
2020-02-17,0.00629923419253436,0.010159044385373833
2020-02-18,0.006154851711331486,0.011630994099072258
2020-02-19,0.005927975272201089,0.011850456823583879
2020-02-20,0.005841722256126586,0.013099806436514705
2020-02-21,0.006189790878341355,0.013598838308830422
2020-02-24,0.0047735213846491435,0.011581983049656406
2020-02-25,0.0036024229012474023,0.0111922081176957
2020-02-26,0.005109009096913439,0.013215182418660732
2020-02-27,0.005443309290524607,0.005935353423771713
2020-02-28,0.005181640128638878,0.015140528307447835
2020-03-02,0.004278984951769642,0.02482167881377357
2020-03-03,0.0039535977037264275,0.025096507554224358
2020-03-04,0.003734615175446226,0.02441017704117941
2020-03-05,0.003759567525061531,0.026016331958337646
2020-03-06,0.004042567512049813,0.018721356714901223
2020-03-09,0.0032387590540892443,0.02196966625823686
2020-03-10,0.004278884330645477,0.024588515263924218
2020-03-11,0.0043114605105100175,0.024909972103889358
2020-03-12,0.003418901225503966,0.020489176430151693
2020-03-13,0.0031853915044708,0.020409019334404213
2020-03-16,0.0035778166530028555,0.023033455524690674
2020-03-17,0.003949951327090514,0.014422559944194498
2020-03-18,0.003497266154953258,0.014081003241367024
2020-03-19,0.00405169705586759,0.014461058081031345
2020-03-20,0.006383307449234596,0.02215622812362848
2020-03-23,0.00458660970840721,0.019133485133859037
2020-03-24,0.00413542463879779,0.025681770406928005
2020-03-25,0.005025116179289107,0.027101024882746585
2020-03-26,0.003389493066493245,0.026175775246383606
2020-03-27,0.0046771765067626795,0.02536087532037176
2020-03-30,0.00400145488595095,0.017743703051881464
2020-03-31,0.004169843973264853,0.014332943532286159
2020-04-01,0.004177218729247504,0.005808881336320828
2020-04-02,0.0044385462402480765,0.009563987711379065
2020-04-03,0.003855157527139945,0.010095832719799424
2020-04-07,0.004069583529142247,0.012349411922069611
2020-04-08,0.004753261478882669,0.013369156615925776
2020-04-09,0.005236102362654371,0.012690137091082168
2020-04-10,0.004986998391672793,0.012321228753810259
2020-04-13,0.004645594470430525,0.012108163299925903
2020-04-14,0.005950670870206231,0.010612455014804463
2020-04-15,0.0059348105421227655,0.011072878839516746
2020-04-16,0.005674638091227717,0.011003016099982362
2020-04-17,0.004304465449362069,0.01086172234855524
2020-04-20,0.0017933371353710706,0.009949560643274714
2020-04-21,0.001743714220200071,0.008659983362750435
2020-04-22,0.0018309614962804044,0.008542106221082587
2020-04-23,0.0018683441268462983,0.008811678711029555
2020-04-24,0.0014225861038617688,0.008294723868814373
2020-04-27,0.004227392671862363,0.00894454298909432
2020-04-28,0.006388955659430906,0.007373336350171686
2020-04-29,0.006962488212743867,0.006788618348279277
2020-04-30,0.006256242127167019,0.007655145112299791
2020-05-06,0.005841163524523463,0.002695644558492118
2020-05-07,0.00562418738906445,0.005304292323791696
2020-05-08,0.0033631446629005207,0.005681045249391695
2020-05-11,0.004098532910520259,0.0064643359248432375
2020-05-12,0.004166414022127102,0.00532424515789162
2020-05-13,0.0050182747430369025,0.004930942818462478
2020-05-14,0.005152716186576169,0.007412712419119284
2020-05-15,0.004910467185053283,0.004986759828611499
2020-05-18,0.005012603531863989,0.005492802241562668
2020-05-19,0.0038535803564985183,0.007252066747580198
2020-05-20,0.0032846443472000254,0.00743498197086969
2020-05-21,0.0036396966708996397,0.006023994304469609
2020-05-22,0.005709056996804232,0.011834001497453247
2020-05-25,0.005682718211487195,0.011664531137518573
2020-05-26,0.006589760790330262,0.012512669703268541
2020-05-27,0.006988958114814869,0.012573616067564453
2020-05-28,0.007327200697213556,0.012965995852264593
2020-05-29,0.005697940280820149,0.006517179810926669
2020-06-01,0.0045771323169631435,0.012740376360333525
2020-06-02,0.004120984059037366,0.012631906618939419
2020-06-03,0.004082068143857144,0.011165983908915586
2020-06-04,0.002429276655207013,0.011560947359649782
2020-06-05,0.0028574654411545547,0.01142670527958272
2020-06-08,0.002973031553571753,0.002601415792867342
2020-06-09,0.002923894601454868,0.003100557162753044
2020-06-10,0.004107833485268855,0.003628016932050314
2020-06-11,0.0028713379523374123,0.007194530231788556
2020-06-12,0.002861851746372116,0.006888830248887963
2020-06-15,0.0034556511854104788,0.007938834361541622
2020-06-16,0.0034957881288650667,0.010992144817020343
2020-06-17,0.0036828597472305575,0.011037294336349986
2020-06-18,0.0035602756708533155,0.009866697267034364
2020-06-19,0.00447014829684509,0.010982425154573722
2020-06-22,0.0033870660802359236,0.0067680279540615566
2020-06-23,0.004107753153605776,0.0052216139069724875
2020-06-24,0.0041676935000989354,0.0046726621844217905
2020-06-29,0.004371243784803774,0.00740713109525376
2020-06-30,0.004370400220911464,0.0073263647889843485
2020-07-01,0.005546183007553362,0.010266332873272367
2020-07-02,0.007601813517637339,0.011759284971376797
2020-07-03,0.00744825484560031,0.01175896875112252
2020-07-06,0.006168799511071988,0.017405781832057068
2020-07-07,0.005014184205036692,0.018957790227920913
2020-07-08,0.005030440772332105,0.019271978144998113
2020-07-09,0.004739652916744371,0.019768053046609262
2020-07-10,0.004362852714202061,0.027000679198215638
2020-07-13,0.0032747115132039425,0.01546418696825801
2020-07-14,0.004682134549521916,0.017362068364255807
2020-07-15,0.005043025909075885,0.01744074744045865
2020-07-16,0.00761209709408607,0.024622182534923237
2020-07-17,0.0076098405691681255,0.025877098886045963
2020-07-20,0.006727373994974816,0.02856980758223597
2020-07-21,0.00774182245121193,0.02878494189255421
2020-07-22,0.008133204994593381,0.028589978830338692
2020-07-23,0.005228792302332601,0.01215073579198868
2020-07-24,0.0052692257112086785,0.026631532255794513
2020-07-27,0.005389471920181152,0.021086150554039167
2020-07-28,0.0055287197808518455,0.02193817815655921
2020-07-29,0.00638207507914251,0.02554384579245875
2020-07-30,0.006786679482916371,0.02558603775966064
2020-07-31,0.0054101831101109246,0.010472633924079754
2020-08-03,0.0055995142833716195,0.010794529563449746
2020-08-04,0.0056739231607053605,0.011651057199111994
2020-08-05,0.005257909636423692,0.008228992068761843
2020-08-06,0.0049736721403863034,0.007738852839533889
2020-08-07,0.0052541169798739126,0.010057437318219304
2020-08-10,0.005230463316807223,0.005844538909175326
2020-08-11,0.005144531450296882,0.0063172249421156335
2020-08-12,0.0049933860725071616,0.005946918348113737
2020-08-13,0.006087138592993772,0.005995165827994741
2020-08-14,0.006036455948137526,0.0097064741743629
2020-08-17,0.005919808436001054,0.01450327762016657
2020-08-18,0.006396234868195758,0.013008430152378967
2020-08-19,0.004736947453555565,0.015184522706858359
2020-08-20,0.0049715543296008306,0.016934380665235307
2020-08-21,0.0050978281905318355,0.015930770240817828
2020-08-24,0.004754687614502788,0.011146712413005098
2020-08-25,0.004591609953187555,0.011252288118913902
2020-08-26,0.005098261371313477,0.0103791937212324
2020-08-27,0.005771382013303501,0.008305787171993269
2020-08-28,0.005778797284379753,0.012816657417942037
2020-08-31,0.005125127364329867,0.013575019705421978
2020-09-01,0.005784458304077173,0.01359924715873363
2020-09-02,0.005239925675424839,0.01107506845838233
2020-09-03,0.005601030398550066,0.012205301252689196
2020-09-04,0.003874557884693547,0.005937234837439832
2020-09-07,0.004950390375617435,0.010164884290449582
2020-09-08,0.004761298133721999,0.010159412663452643
2020-09-09,0.005017190170172483,0.011783534696059616
2020-09-10,0.004639062765232721,0.012532453754000075
2020-09-11,0.0038015112351325424,0.015350480085694111
2020-09-14,0.005448965946326252,0.013206844251449969
2020-09-15,0.00563602365281687,0.013565926079202845
2020-09-16,0.005596215677409318,0.006762813896170118
2020-09-17,0.0050753803400755484,0.007683462733426773
2020-09-18,0.0056978765459440315,0.011808080075165673
2020-09-21,0.006177842394284007,0.013427178024386368
2020-09-22,0.005037806409544161,0.014050403799864138
2020-09-23,0.005427379770202222,0.013982663391150707
2020-09-24,0.0054085087296725275,0.016429392364979804
2020-09-25,0.004670660310396147,0.009533303245030362
2020-09-28,0.005119714926870056,0.010267744186199385
2020-09-29,0.005497123462122487,0.009711157817007434
2020-09-30,0.005039610402656909,0.009278289273629602
2020-10-09,0.004497701422203923,0.008653257005849818
2020-10-12,0.004744391516563252,0.013735526712496445
2020-10-13,0.004511108398785799,0.013629401598861621
2020-10-14,0.004642293843616924,0.015503194294507408
2020-10-15,0.003934438619665332,0.015635749982255993
2020-10-16,0.004702656466962933,0.01472417017420093
2020-10-19,0.005108976299949092,0.004407258911364731
2020-10-20,0.004519104464102921,0.006170682300693053
2020-10-21,0.0040539966382371374,0.005575419721211664
2020-10-22,0.004335729402250301,0.0056781381611844
2020-10-23,0.004907850359115005,0.0077292344008810365
2020-10-26,0.004448904036981085,0.007508061013642799
2020-10-27,0.004843710521075058,0.005544496264390211
2020-10-28,0.005549222045988306,0.0077410739120525075
2020-10-29,0.005185378149855177,0.008847845795999993
2020-10-30,0.0048456595966886885,0.010223874750292163
2020-11-02,0.004199688584498894,0.010127202831751227
2020-11-03,0.003754080317514841,0.011221627767180093
2020-11-04,0.00376958894901762,0.011168412242296784
2020-11-05,0.004324086172252854,0.01229103755254001
2020-11-06,0.0038449052442903003,0.005739765435622913
2020-11-09,0.00343213463238009,0.007404028472620219
2020-11-10,0.00374030954291206,0.010287067229616535
2020-11-11,0.004703344608696305,0.012829207012886007
2020-11-12,0.00431780476448422,0.011255906204735978
2020-11-13,0.003951444271353979,0.01241022865945866
2020-11-16,0.005095916889692954,0.008462392895688422
2020-11-17,0.005169126781381781,0.008356997818036484
2020-11-18,0.004127227326329216,0.007223629157326911
2020-11-19,0.0037924768005295467,0.008082473043984613
2020-11-20,0.00457006476407803,0.005023452231376319
2020-11-23,0.00517378427581611,0.005937731779406065
2020-11-24,0.00502982825121917,0.007178791011752488
2020-11-25,0.005894753339107379,0.010229291587155399
2020-11-26,0.005917240061253101,0.0096123791091987
2020-11-27,0.005641791009634756,0.011212360364515086
2020-11-30,0.0059037875874264865,0.009494281230302305
2020-12-01,0.0064514988318554066,0.013518808557327499
2020-12-02,0.006182444774285622,0.010467341411698935
2020-12-03,0.00569675568582342,0.011002222870380607
2020-12-04,0.005496088887275099,0.010355100703645235
2020-12-07,0.007886468846570988,0.011326870669595623
2020-12-08,0.005860904116659838,0.003931678045246546
2020-12-09,0.0060648685718203334,0.006019273750940536
2020-12-10,0.00653161092263701,0.006244992148216429
2020-12-11,0.006984684506854104,0.005436405074574971
2020-12-14,0.007596389422298852,0.00890704100584662
2020-12-15,0.007060575331210843,0.009260433995913909
2020-12-16,0.005911817826087517,0.007038156147760066
2020-12-17,0.005806135220860333,0.008874452502902681
2020-12-18,0.005772196621812786,0.006504228307832651
2020-12-21,0.004783870137853003,0.006527829591274827
2020-12-22,0.004928378517987528,0.011499199688157512
2020-12-23,0.004789599203068279,0.012020436108434264
2020-12-24,0.004482800532720183,0.010453876772382778
2020-12-25,0.005086818846304548,0.010985720991174702
2020-12-28,0.004425291474504631,0.010329003760230292
2020-12-29,0.004304146552519387,0.005779855138845201
2020-12-30,0.005053242281681456,0.007368085494241511
2020-12-31,0.005253332361141862,0.00896159215933808
2021-01-04,0.006235874852611971,0.009030942083792145
2021-01-05,0.0063462411212307866,0.009617297934615174
2021-01-06,0.005856219873632286,0.0046004752624988245
2021-01-07,0.006273458477097407,0.00480809813520784
2021-01-08,0.006517619298873151,0.008929056316394082
2021-01-11,0.006289503586850693,0.012813756561110367
2021-01-12,0.0072578579468921415,0.015518510158028638
2021-01-13,0.006842197689644216,0.016350490984408834
2021-01-14,0.00690467981852682,0.01798461613952611
2021-01-15,0.0063529641649767675,0.01796364383782324
2021-01-18,0.006391321051540232,0.017887442030018012
2021-01-19,0.006075348009761905,0.01187279829375471
2021-01-20,0.006487743831921804,0.013239909926589626
2021-01-21,0.007530968552454288,0.012194612577277225
2021-01-22,0.006566766134044424,0.011902386245237187
2021-01-25,0.006562416203447394,0.011764631556019122
2021-01-26,0.004932121324487704,0.0139439568956541
2021-01-27,0.005280397360309537,0.013740277502886214
2021-01-28,0.004773592553310192,0.01605074555397647
2021-01-29,0.005133389784570714,0.015578549519735566
2021-02-01,0.005040716811886221,0.016227359895915564
2021-02-02,0.005589416311385071,0.01704023275915583
2021-02-03,0.0053861359558559615,0.016974650921856294
2021-02-04,0.005114891030669704,0.009449238824479508
2021-02-05,0.005705639604802838,0.008421623179672594
2021-02-08,0.005495594332063959,0.009028754954788613
2021-02-09,0.005356747733924416,0.011055832414926118
2021-02-10,0.00499293584923847,0.011121651679132913
2021-02-18,0.0037239781436302173,0.012658948010591222
2021-02-19,0.004207516966575531,0.012644083014512305
2021-02-22,0.005731473971174928,0.02214096104306185
2021-02-23,0.005005463291956807,0.01894754284575963
2021-02-24,0.005293613496776108,0.014572815383629988
2021-02-25,0.005954942931644101,0.016846338986222995
2021-02-26,0.004753671080104196,0.016116828789456507
2021-03-01,0.00601785380798833,0.01815572154061194
2021-03-02,0.005876476922759004,0.018243793525239225
2021-03-03,0.005265220032273737,0.01863172699451093
2021-03-04,0.0057158553305675895,0.02299523442818369
2021-03-05,0.005742175959193483,0.020817853295869524
2021-03-08,0.006599277137849021,0.02202131918676891
2021-03-09,0.007206317270988607,0.02237483642857633
2021-03-10,0.0046884190181196795,0.017912498252272955
2021-03-11,0.005239282272078843,0.023363340704121712
2021-03-12,0.006333346575954373,0.023731747268502988
2021-03-15,0.00599015377837196,0.01992125237910477
2021-03-16,0.00527801424557802,0.016711322131206966
2021-03-17,0.006081987208969159,0.016669660161369487
2021-03-18,0.0066436876646952,0.012575964349607763
2021-03-19,0.005928318582148906,0.017062631936023597
2021-03-22,0.004045254657702005,0.015325495235991084
2021-03-23,0.00429129658654741,0.015182329333948117
2021-03-24,0.004411030706501762,0.015581960523278168
2021-03-25,0.004625998056026485,0.013946744179282163
2021-03-26,0.005984130911651778,0.015437764197308723
2021-03-29,0.006358466745383893,0.014703194929864029
2021-03-30,0.006334525749620203,0.014188189859791766
2021-03-31,0.005131548603868243,0.011950160467586577
2021-04-01,0.0049454173003736475,0.011894880520495858
2021-04-02,0.004810822654830225,0.008774077633675064
2021-04-06,0.004724776737002889,0.009647181334011233
2021-04-07,0.004592699411005062,0.010015768780517891
2021-04-08,0.0033971909680160606,0.00850807381232982
2021-04-09,0.0039837937455587565,0.009382369966768857
2021-04-12,0.005168242886819616,0.00784509081928244
2021-04-13,0.005520525894188764,0.008250426532144615
2021-04-14,0.0053956038824854915,0.01103062833613698
2021-04-15,0.005504009164417782,0.010418516663157453
2021-04-16,0.005896173373711752,0.009868631081862039
2021-04-19,0.004834657887624836,0.011811628902359048
2021-04-20,0.004666715878237486,0.01167639646712745
2021-04-21,0.005386396407100731,0.011633230984594563
2021-04-22,0.005390696090969198,0.010696381684413413
2021-04-23,0.0052752880461192034,0.010705266706751839
2021-04-26,0.0049412199045566416,0.007473248635968497
2021-04-27,0.0054823412927883265,0.007581529810916549
2021-04-28,0.005527797308854143,0.007900045655822484
2021-04-29,0.00532828949333815,0.008410465420794985
2021-04-30,0.0049642534657179365,0.008736230707911049
2021-05-06,0.005662436969965084,0.009001740700771546
2021-05-07,0.006674681541607355,0.010198452244415006
2021-05-10,0.005566829216516391,0.009076360873799151
2021-05-11,0.00463092574879857,0.008101247243515564
2021-05-12,0.006310915501804242,0.00898493432777061
2021-05-13,0.005723118412153937,0.008521615275484878
2021-05-14,0.0056507111294284325,0.012348978810155915
2021-05-17,0.005084251885112697,0.012588935293614439
2021-05-18,0.005980520190278862,0.013004698006320722
2021-05-19,0.006442139099697606,0.013702051498654146
2021-05-20,0.006484424471271993,0.011050616912646406
2021-05-21,0.005766105413119577,0.009019274837030432
2021-05-24,0.005450206892817984,0.005681503126212775
2021-05-25,0.006380127373187525,0.01584009805184033
2021-05-26,0.006281200876677644,0.015481114143679132
2021-05-27,0.0069404042513510865,0.015454807046461577
2021-05-28,0.006501451045274784,0.01391040144055424
2021-05-31,0.005981509911978771,0.014066597560903298
2021-06-01,0.006267573341105299,0.0025059478952133103
2021-06-02,0.006412503273863877,0.00538439056242287
2021-06-03,0.005429250409982903,0.005145841993557909
2021-06-04,0.005562244448483483,0.006325995728058417
2021-06-07,0.005376216374677782,0.006064186465941108
2021-06-08,0.00537808966557127,0.006190633775051804
2021-06-09,0.00563352900758726,0.005585436055801206
2021-06-10,0.00611968695914329,0.006019546465496802
2021-06-11,0.006145891584736665,0.006627077066866676
2021-06-15,0.006780194709164531,0.007635572643953837
2021-06-16,0.007221396857776371,0.009428797554011065
2021-06-17,0.007345474661516183,0.01012215157533457
2021-06-18,0.00769806199061565,0.008496146214677898
2021-06-21,0.006406832740178467,0.008533638215857413
2021-06-22,0.005710925460077566,0.009021144114232622
2021-06-23,0.0053558022503780835,0.0036097255928570137
2021-06-24,0.0052454757354250155,0.00350798407499166
2021-06-25,0.005517833071014005,0.006961000174951132
2021-06-28,0.0070303931007367395,0.005907483967590354
2021-06-29,0.006152236536998133,0.009963494442223499
2021-06-30,0.006713680714312873,0.010071878125252662
2021-07-01,0.006256867658493714,0.010094895940883251
2021-07-02,0.004396408025121504,0.014205022070650003
2021-07-05,0.004517821518786831,0.014021751397876417
2021-07-06,0.005546334240688464,0.013845348315943092
2021-07-07,0.004824960093171746,0.014895801316800362
2021-07-08,0.004712415784739593,0.014950261131559787
2021-07-09,0.005719237274655309,0.007819265614059342
2021-07-12,0.006498591489492084,0.009782991492757728
2021-07-13,0.006436895492939882,0.009694471370559135
2021-07-14,0.00517021661434583,0.009790961826438965
2021-07-15,0.005306744246497392,0.010651543509122853
2021-07-16,0.005587569906360414,0.012117644164052534
2021-07-19,0.005604083335762145,0.010585038917169661
2021-07-20,0.005678895568642679,0.010491781440377672
2021-07-21,0.006272849168266123,0.009139445430177157
2021-07-22,0.005873195349308906,0.0067949518327216785
2021-07-23,0.00610395489170654,0.007257229915850073
2021-07-26,0.007298627694129013,0.015516737120706137
2021-07-27,0.008759321242321698,0.019137250865612545
2021-07-28,0.010070928449239278,0.01786121185487434
2021-07-29,0.00739766678915445,0.022906494609408207
2021-07-30,0.006003619925068886,0.022962908211629326
2021-08-02,0.006290371894121734,0.024081905124997027
2021-08-03,0.005537695912522282,0.013958378897045107
2021-08-04,0.0043465680677776345,0.013584587707692173
2021-08-05,0.0052051279218119475,0.013672073846703723
2021-08-06,0.00520036637816385,0.01313598065372218
2021-08-09,0.004147162473021627,0.008577722317573849
2021-08-10,0.004060888511332079,0.009398389146002476
2021-08-11,0.003914614414026571,0.009854544805996906
2021-08-12,0.005527803550522521,0.01034003788696762
2021-08-13,0.005236957951705985,0.010343996662648874
2021-08-16,0.005685314991642403,0.007899551554533814
2021-08-17,0.005838637895143788,0.0075794731292921315
2021-08-18,0.006351114515579796,0.01186896922718886
2021-08-19,0.00627544958961871,0.01176048281330688
2021-08-20,0.005373750687360092,0.013505505349014837
2021-08-23,0.00504056804790155,0.016535045601506104
2021-08-24,0.005528704596536418,0.014448656066706901
2021-08-25,0.0057508360397848235,0.013458669930803484
2021-08-26,0.006193852397188717,0.01613687218448739
2021-08-27,0.0054641823533472175,0.013254827500384323
2021-08-30,0.00625167411931954,0.011648366407273025
2021-08-31,0.005716706060799885,0.009674695995438458
2021-09-01,0.006365569802381184,0.012222757609889561
2021-09-02,0.006495074420424783,0.00662061815003929
2021-09-03,0.006500432910728915,0.007316850113012344
2021-09-06,0.006726506936092842,0.010415083831380014
2021-09-07,0.00686631072985954,0.010029310858241608
2021-09-08,0.006270625525569264,0.01062005695216058
2021-09-09,0.006120807342324091,0.010663101396336938
2021-09-10,0.006090291038142567,0.009282288896512681
2021-09-13,0.006389387398573374,0.007560801275425767
2021-09-14,0.0068012807326982335,0.00851698875232389
2021-09-15,0.005762106113760894,0.00911512683760987
2021-09-16,0.0067509534945562775,0.009414012749121889
2021-09-17,0.006437165298252505,0.009937929391338725
2021-09-22,0.005271136190597638,0.009877388474799438
2021-09-23,0.005524895274370218,0.010153022056970228
2021-09-24,0.006156120431124035,0.009231222015641888
2021-09-27,0.004363875797432716,0.006790269189048682
2021-09-28,0.004094525742077537,0.005496603907419729
2021-09-29,0.005418942315705804,0.00672818750828115
2021-09-30,0.006009222187927721,0.006771968531060872
2021-10-08,0.006092710876376628,0.008654532554577349
2021-10-11,0.00551389304527109,0.008571643937092538
2021-10-12,0.00572084932932655,0.010417782886980604
2021-10-13,0.005137689192216715,0.009566250874567176
2021-10-14,0.004891969403259273,0.010327986183983322
2021-10-15,0.005470771685163656,0.008510462715488202
2021-10-18,0.006564959569795534,0.009912056991729005
2021-10-19,0.005314962907071741,0.009928462500691692
2021-10-20,0.004932521414822066,0.00827978106511034
2021-10-21,0.005004212107532757,0.008121230825966727
2021-10-22,0.0055522521745219044,0.008460969760402202
2021-10-25,0.005684520102462663,0.0045444270325971
2021-10-26,0.006316075979798923,0.004312707593019117
2021-10-27,0.004858325864037205,0.007929777248073703
2021-10-28,0.00498728181161222,0.00797414994816531
2021-10-29,0.005528070618101784,0.008800181543039949
2021-11-01,0.00463062143121451,0.008130969921169346
2021-11-02,0.005134680653596172,0.008673614763994737
2021-11-03,0.004954796184837171,0.007409759093652665
2021-11-04,0.005706256435456931,0.008918608634578214
2021-11-05,0.006000901366652458,0.007536583345780195
2021-11-08,0.0068426314919396965,0.0076922154659144325
2021-11-09,0.005621945368778862,0.005980536869354298
2021-11-10,0.00647522209426697,0.006251180308511158
2021-11-11,0.0066122188509470416,0.008788485319653025
2021-11-12,0.006308865752053603,0.008267722396238367
2021-11-15,0.005886651186428656,0.008390835400729237
2021-11-16,0.005840730082068165,0.008368401430756347
2021-11-17,0.006276973221792279,0.00755375201813206
2021-11-18,0.004586638534256921,0.004244404198852027
2021-11-19,0.004694573297025591,0.0073534962517903995
2021-11-22,0.0052765161591529965,0.0075481737169869065
2021-11-23,0.004729168812985409,0.007548143651302378
2021-11-24,0.004948467465296072,0.007544167734375317
2021-11-25,0.00545910675631616,0.005616800164178771
2021-11-26,0.0054013133025831,0.004632548331427139
2021-11-29,0.0040703477728485996,0.0033388074989937322
2021-11-30,0.004272911516085585,0.0030059714782149204
2021-12-01,0.004215104807379509,0.003634735522490714
2021-12-02,0.004367482853075819,0.004275382221708644
2021-12-03,0.0052679987907810555,0.005067783730491994
2021-12-06,0.006333293371556598,0.005054463652186033
2021-12-07,0.004630496851493077,0.004132161805944796
2021-12-08,0.004931510037004216,0.006377838452895343
2021-12-09,0.007103439260116025,0.007364158360642958
2021-12-10,0.005405894637069184,0.009553192830915427
2021-12-13,0.0051119363944955,0.008530677026666248
2021-12-14,0.005282353795785533,0.01077108390282081
2021-12-15,0.005502202790705107,0.010575742947397
2021-12-16,0.0038387888412252185,0.006934780618953876
2021-12-17,0.004483023081354605,0.009476406126628534
2021-12-20,0.006923653165566377,0.008697599484082549
2021-12-21,0.007607839093365047,0.011018633849097912
2021-12-22,0.007327101041889677,0.011074649461891446
2021-12-23,0.0072802453305728775,0.011343030650331395
2021-12-24,0.007525357780714334,0.009242771046298193
2021-12-27,0.005668653151130789,0.005306978524897261
2021-12-28,0.005532519742386048,0.0054766550150225374
2021-12-29,0.006763630053600277,0.009237328415891843
2021-12-30,0.006475847464278175,0.009422504291997525
2021-12-31,0.006517754906722738,0.009241308341077326
2022-01-04,0.005876464049391943,0.009560518232711717
2022-01-05,0.006524897935824576,0.009348602385665894
2022-01-06,0.005748193094361316,0.008182917865602234
2022-01-07,0.005933480139572105,0.006353693764731875
2022-01-10,0.005503278082733698,0.006562859621661153
2022-01-11,0.0054246029534371675,0.0070482398362208785
2022-01-12,0.004737368629966122,0.008839403713895003
2022-01-13,0.005594523327716163,0.010712253368351831
2022-01-14,0.0049614425175071855,0.010846828496038442
2022-01-17,0.005197794938695171,0.011757258013057978
2022-01-18,0.005890668882892119,0.012264341644132834
2022-01-19,0.006091038447017669,0.011364075231152878
2022-01-20,0.006192315509584986,0.009126785406609625
2022-01-21,0.007515402068724316,0.009406836336203477
2022-01-24,0.006082705658149837,0.008725254963454495
2022-01-25,0.006164895499722724,0.011927267691889468
2022-01-26,0.004904261041131319,0.01316169418506441
2022-01-27,0.006322194335502105,0.012963321103877141
2022-01-28,0.007661110708645162,0.013068386310305378
2022-02-07,0.006148087205961737,0.016825468057871756
2022-02-08,0.006411943413462596,0.0142248703902697
2022-02-09,0.007216288326777552,0.014636213565923867
2022-02-10,0.0058517664821570725,0.011243976656774027
2022-02-11,0.0042508988914474405,0.010208871108907933
2022-02-14,0.006071064619258788,0.007859883033964293
2022-02-15,0.006056079572700912,0.009913007240049367
2022-02-16,0.005742665703630615,0.0088062037996316
2022-02-17,0.005945988585234357,0.00892449006170425
2022-02-18,0.00714389686376695,0.007901683716756236
2022-02-21,0.00600863186411269,0.005117662066682623
2022-02-22,0.005088844836559834,0.007405164648170936
2022-02-23,0.0051341941986809934,0.0090046982889715
2022-02-24,0.006317085972670623,0.01262896218424811
2022-02-25,0.004922271327993039,0.013671734537921032
2022-02-28,0.00513375098334985,0.013852522491016412
2022-03-01,0.006094627035613265,0.01295456958644008
2022-03-02,0.00545713297809032,0.012646448760441681
2022-03-03,0.0037606129684651653,0.008301739079778431
2022-03-04,0.005083697551112772,0.008314786130689611
2022-03-07,0.005427036032939829,0.014484981115654189
2022-03-08,0.00833207902716091,0.01046907490449745
2022-03-09,0.010549325968419634,0.010427127528567583
2022-03-10,0.008092882787301376,0.01760087218327582
2022-03-11,0.007778566708813623,0.01876170729440703
2022-03-14,0.006235117255503162,0.018343470013633834
2022-03-15,0.007420040041271745,0.024916429794573796
2022-03-16,0.0070545935006245866,0.03576154432782719
2022-03-17,0.006695618409137588,0.03630709825954456
2022-03-18,0.006611376988402076,0.03646500276795163
2022-03-21,0.006869343492523192,0.03277534694377439
2022-03-22,0.0064372120911223105,0.01873641690146991
2022-03-23,0.004193950563509784,0.00855099305150494
2022-03-24,0.005464020858996079,0.005129354388819263
2022-03-25,0.005683450332411055,0.008615950019077046
2022-03-28,0.00492753495300733,0.008511408107290692
2022-03-29,0.0050897634903928545,0.008248205229254417
2022-03-30,0.004148796319959826,0.017672659027472722
2022-03-31,0.00407888983111239,0.017791249393097862
2022-04-01,0.004468266788586726,0.01571452189575754
2022-04-06,0.004902621233933648,0.015178650701606105
2022-04-07,0.00434456533514618,0.017042556063540017
2022-04-08,0.005968045925700863,0.010121033873056469
2022-04-11,0.005780281165551543,0.016950080635735994
2022-04-12,0.005661294908886447,0.01895492713608183
2022-04-13,0.004988272905432468,0.01905987091883491
2022-04-14,0.0052125870169032204,0.020048388541543127
2022-04-15,0.004895125038465602,0.019793274073264998
2022-04-18,0.004351826169759255,0.012293538723480667
2022-04-19,0.0031705341520197948,0.00884112432903563
2022-04-20,0.003593454012137662,0.010348971025019395
2022-04-21,0.005409323511417766,0.0073232212794189944
2022-04-22,0.005789042624789747,0.008994385057718095
2022-04-25,0.00695858027623757,0.020002054296643958
2022-04-26,0.0061829429391220036,0.019940488121290255
2022-04-27,0.0058588001828998185,0.029060784603704832
2022-04-28,0.005649754732777359,0.02906027808383269
2022-04-29,0.005943907422791168,0.03164134124717876
2022-05-05,0.007599586736970401,0.016217277380954725
2022-05-06,0.005025789552717133,0.021885348049400854
2022-05-09,0.004269207733873904,0.01826493796760319
2022-05-10,0.004217316087025972,0.018803196233543148
2022-05-11,0.0041636721316254,0.015937106056689028
2022-05-12,0.004202395846935193,0.0159735905109701
2022-05-13,0.004462261328443824,0.009816293764360974
2022-05-16,0.0038785050443906396,0.009819352039778129
2022-05-17,0.004421155414601376,0.0101061637527297
2022-05-18,0.004073673971632226,0.008742978438203724
2022-05-19,0.003063175794246338,0.008235229931899212
2022-05-20,0.004029410863515976,0.011360950754716966
2022-05-23,0.0037504344070821965,0.01077182696496336
2022-05-24,0.0045248760714351795,0.015424444189035684
2022-05-25,0.004674019029350664,0.015819598891917277
2022-05-26,0.005718713534208122,0.015841129945889192
2022-05-27,0.00543409962272362,0.011821604927265177
2022-05-30,0.005045115969161424,0.012605264865223367
2022-05-31,0.0050630232098264165,0.005416780011688146
2022-06-01,0.005332871398913388,0.006684545515044236
2022-06-02,0.004784772187733057,0.006781833335957377
2022-06-06,0.0047313831566633754,0.008865652274922134
2022-06-07,0.005288074302465299,0.009153020587060504
2022-06-08,0.006267126419793384,0.008182176867988483
2022-06-09,0.006568184758884594,0.01076615687800196
2022-06-10,0.006663687508080402,0.01151935435122475
2022-06-13,0.005925299428492694,0.011981053074179748
2022-06-14,0.005077883359296768,0.01235612124340974
2022-06-15,0.005458263926271257,0.012980333295660838
2022-06-16,0.005093948769088093,0.01207250889187955
2022-06-17,0.005596917914425436,0.01177433649641859
2022-06-20,0.005577496158677513,0.00829303365017346
2022-06-21,0.006986024309564028,0.008920284081261668
2022-06-22,0.006327200276039449,0.010279812295090968
2022-06-23,0.006153607649435048,0.011998290645465641
2022-06-24,0.0061605566162661884,0.011605386999829565
2022-06-27,0.005552315654679972,0.012068386576303334
2022-06-28,0.004911584870824299,0.011637703819777927
2022-06-29,0.005592882380195796,0.012815424408312848
2022-06-30,0.0056018106159339024,0.012320312372722608
2022-07-01,0.005712622717194475,0.012661078805765199
2022-07-04,0.005613639444324906,0.012085305972730253
2022-07-05,0.006092692313868672,0.011249648467324144
2022-07-06,0.005927725065933853,0.010979379150593419
2022-07-07,0.005960702306465233,0.008332747563497304
2022-07-08,0.005582792130770807,0.008287739718299209
2022-07-11,0.004918277422394599,0.009017649145326524
2022-07-12,0.005067122119453307,0.00863235283582252
2022-07-13,0.005264014570014335,0.008583067581839557
2022-07-14,0.005344790318602732,0.00761515053199718
2022-07-15,0.005570044955542139,0.008973769763743564
2022-07-18,0.007207230094201917,0.010597920616903926
2022-07-19,0.006600180486862819,0.010115704386642374
2022-07-20,0.005510733295830683,0.01028745760476844
2022-07-21,0.005439501146601542,0.010994463861807217
2022-07-22,0.004753700811981548,0.008242673200273873
2022-07-25,0.0047518450798460865,0.005739974755791906
2022-07-26,0.005111389422284007,0.007570614388014566
2022-07-27,0.005461563664904072,0.007252638590908947
2022-07-28,0.006069278683692217,0.00553516778272557
2022-07-29,0.005801610830046952,0.007823195846969852
2022-08-01,0.005313577525251845,0.008270113108347498
2022-08-02,0.005110420638092717,0.009743711650877306
2022-08-03,0.0042892967435740805,0.009776299182936257
2022-08-04,0.0033944985722716707,0.011903277908637332
2022-08-05,0.003574878568970922,0.013673568130904201
2022-08-08,0.004123413838375268,0.013383964281106941
2022-08-09,0.00561658033376875,0.009064390001155864
2022-08-10,0.005744856831638139,0.009560945335805373
2022-08-11,0.005320971983479948,0.012552361082788992
2022-08-12,0.0053908924238747265,0.011571728862172725
2022-08-15,0.005245475188096118,0.011509569083501325
2022-08-16,0.005214519859246278,0.011627829528619873
2022-08-17,0.005444077494407087,0.00966600995836276
2022-08-18,0.005522418247495828,0.006474274400761657
2022-08-19,0.005489129880452075,0.007061749992285731
2022-08-22,0.005560673042171679,0.008201347661788153
2022-08-23,0.005546931830849778,0.008460357580384353
2022-08-24,0.006543977063124795,0.009385607316308438
2022-08-25,0.006884078516606511,0.011241736166590783
2022-08-26,0.006985998891799652,0.011025981119908114
2022-08-29,0.004872782880586696,0.009704384037418176
2022-08-30,0.004512567043748797,0.009709693168690104
2022-08-31,0.005016553800774906,0.005100238944203431
2022-09-01,0.0047010421050071895,0.0034221480286812708
2022-09-02,0.004574339303102678,0.0033619079380927995
2022-09-05,0.006418618385625032,0.0034772495912767766
2022-09-06,0.007415205879511748,0.006731799275621536
2022-09-07,0.005781432363705192,0.006726149841475904
2022-09-08,0.005624077815624126,0.005730790618375287
2022-09-09,0.0054361856973333955,0.007734310663738512
2022-09-13,0.00427902235804013,0.007097533887215672
2022-09-14,0.0032168736580091835,0.009370046066186384
2022-09-15,0.00496015727190773,0.010399863625919336
2022-09-16,0.0055781075105494635,0.014487525692782142
2022-09-19,0.0054228422876357275,0.010562758800072021
2022-09-20,0.005577254526169473,0.009733915963862493
2022-09-21,0.005907608197135284,0.009652311405969815
2022-09-22,0.005428313475764741,0.009634919063976571
2022-09-23,0.0060847782111552486,0.004190940418076465
2022-09-26,0.005815018396625948,0.00390700436974857
2022-09-27,0.006201772859196767,0.009471865528929202
2022-09-28,0.006120694492343478,0.011387067534088384
2022-09-29,0.005517738136074975,0.011082759056048245
2022-09-30,0.00511809710144191,0.01120242730891722
2022-10-10,0.005152172195732479,0.01428553896639289
2022-10-11,0.0049930564685451186,0.010300758180947226
2022-10-12,0.0062252447218232665,0.013502823608371278
2022-10-13,0.006342975758125591,0.013697714051412638
2022-10-14,0.005731928140962197,0.018311549029025827
2022-10-17,0.005708048375617076,0.01276542602241324
2022-10-18,0.006302725763615362,0.013254639086939135
2022-10-19,0.004969882408889369,0.015052268064104726
2022-10-20,0.004595842634167974,0.014742757606381435
2022-10-21,0.004874363967561623,0.006538314457137731
2022-10-24,0.006215777394324056,0.011472535255256521
2022-10-25,0.006248016057876058,0.011571383384683293
2022-10-26,0.006225214778967472,0.013845672663008827
2022-10-27,0.006280634558627775,0.013843517680982135
2022-10-28,0.006195081905608322,0.015740074625096436
2022-10-31,0.006787413246824572,0.012007718395923706
2022-11-01,0.006710049200394409,0.022854187759808072
2022-11-02,0.006256144818733087,0.02323802848107791
2022-11-03,0.006112274967885787,0.023341242764861218
2022-11-04,0.00497955112896574,0.02148394885354492
2022-11-07,0.004786811264573552,0.019059272609172746
2022-11-08,0.0049535040917266905,0.016795989571164238
2022-11-09,0.004514828212810653,0.017695629436432395
2022-11-10,0.004783656038109063,0.017633308701816876
2022-11-11,0.004384950356094455,0.01555910886355233
2022-11-14,0.004033061404145714,0.01555182184966081
2022-11-15,0.004500350238967172,0.01650822976338431
2022-11-16,0.004381212167911562,0.016235037936725597
2022-11-17,0.004939893356278099,0.015513833086443538
2022-11-18,0.005379527272058604,0.010754848686365281
2022-11-21,0.004693086170456751,0.011489793769557211
2022-11-22,0.0033367971996627836,0.0035278092480070375
2022-11-23,0.003829807294290562,0.003871438331024914
2022-11-24,0.0033592595134822904,0.0038935438798173255
2022-11-25,0.003484770769375103,0.005243069819978601
2022-11-28,0.003922381636822362,0.006229078591572145
2022-11-29,0.003938547392901085,0.016083318475004917
2022-11-30,0.00294107797381703,0.016075995556561185
2022-12-01,0.0028541819229578767,0.015444793520650764
2022-12-02,0.002895258094172065,0.016620003402140485
2022-12-05,0.0030522165511123007,0.014637097946504377
2022-12-06,0.0038364304002900668,0.00973042463591564
2022-12-07,0.0037393109544602665,0.010319142739173719
2022-12-08,0.004463261832778074,0.010026551523690235
2022-12-09,0.004571288510682963,0.008727427920412744
2022-12-12,0.005384049155482772,0.008023472600493624
2022-12-13,0.005298370611172506,0.007526681390523321
2022-12-14,0.004992838389074037,0.007617353681999062
2022-12-15,0.004944330599785543,0.007618107189053161
2022-12-16,0.0034408895823492434,0.005279925699211439
2022-12-19,0.005084339897773262,0.007103883896806236
2022-12-20,0.006204021904209032,0.009209495313901915
2022-12-21,0.005736880383318158,0.008805730093113445
2022-12-22,0.004938258693276979,0.009195141961600409
2022-12-23,0.004928540643560548,0.008802496252442796
2022-12-26,0.005922114398177123,0.008091658651189907
2022-12-27,0.005082373226193073,0.00520833305198021
2022-12-28,0.005120924014078076,0.006139978146614057
2022-12-29,0.0058405478487994,0.006701530460482528
2022-12-30,0.003553686668686441,0.006530470112392472
2023-01-03,0.0037200176768437524,0.006545166187903793
2023-01-04,0.00397846029564605,0.004072028196936687
2023-01-05,0.004237079769428318,0.008667682705837537
2023-01-06,0.00403123514102256,0.007379622518680946
2023-01-09,0.003823465910986194,0.007261428467303815
2023-01-10,0.004697518791438313,0.007706277746061997
2023-01-11,0.00476184129746457,0.008350224460289917
2023-01-12,0.005208552485784224,0.0036372413012283776
2023-01-13,0.004410868050589064,0.006378955194929685
2023-01-16,0.006210991774017156,0.008051803484087216
2023-01-17,0.006295183708638557,0.008267275369410883
2023-01-18,0.006773693244192136,0.008225981217099951
2023-01-19,0.006785588354106493,0.007923013014980513
2023-01-20,0.007073507891361056,0.006825195362046977
2023-01-30,0.003197491117952512,0.003714514476936792
2023-01-31,0.004651011394634227,0.007231008013153166
2023-02-01,0.004484044209031909,0.007885527877303922
2023-02-02,0.00369699312851865,0.008146302518666795
2023-02-03,0.003350484634707339,0.00875961638422824
2023-02-06,0.004679764225624646,0.00904151387161488
2023-02-07,0.0036687913934952136,0.008987430434002366
2023-02-08,0.003938451159076925,0.005770831377303871
2023-02-09,0.003989641385849844,0.010474983163434152
2023-02-10,0.00308742950036656,0.009988434004821918
2023-02-13,0.005488831813449877,0.008393292323732753
2023-02-14,0.006041076569105774,0.008456587556733907
2023-02-15,0.006107407155266789,0.008624635606520378
2023-02-16,0.007301206568630206,0.006753788983158585
2023-02-17,0.008209424452509986,0.00880290946218401
2023-02-20,0.008766058606100743,0.014913460104025623
2023-02-21,0.008085549181773783,0.01497632647647973
2023-02-22,0.006424372180146912,0.015401885794409763
2023-02-23,0.006364576886908814,0.014972964146794075
2023-02-24,0.005975389523952368,0.014044317790211109
2023-02-27,0.005279323892215862,0.005465678189570566
2023-02-28,0.00418764132537884,0.00675176755096558
2023-03-01,0.004208041504791048,0.009499223188562589
2023-03-02,0.00499447516543791,0.009588162956142145
2023-03-03,0.005240697084879045,0.007309983454690076
2023-03-06,0.005292090404657408,0.0075741624098861595
2023-03-07,0.005894408009142662,0.010618437846980279
2023-03-08,0.006008955898444444,0.006464698864353564
2023-03-09,0.0059338474922847936,0.006374632186142404
2023-03-10,0.0053273005032268205,0.00540683291828014
2023-03-13,0.004782575472888663,0.010026542276391544
2023-03-14,0.005065773328052312,0.008562614952974184
2023-03-15,0.0035970551638066545,0.008707821926610529
2023-03-16,0.004391617173831717,0.009757142960311112
2023-03-17,0.004734637557046994,0.008852066483278912
2023-03-20,0.004332101166854968,0.006496025182553938
2023-03-21,0.004321245132702286,0.008864846052784056
2023-03-22,0.004871416618679167,0.009086225808670146
2023-03-23,0.00496412868127465,0.006330230991127293
2023-03-24,0.005881669328512125,0.007278270326236345
2023-03-27,0.005770747454240788,0.006897799925738696
2023-03-28,0.0048250741973827685,0.0060259399781207425
2023-03-29,0.004349990187424861,0.005763065479596798
2023-03-30,0.004923023211085184,0.005013465225340009
2023-03-31,0.004447019015865306,0.00484695526156292
2023-04-03,0.0053644015504576556,0.005213848044779824
2023-04-04,0.0052545500710150786,0.0035695177537708074
2023-04-06,0.005050084072470485,0.004522631193025901
2023-04-07,0.005437486951402801,0.004255299176876793
2023-04-10,0.005621885522035428,0.005801428895893738
2023-04-11,0.005233446974157618,0.004312659538254964
2023-04-12,0.005207365235476539,0.0040691064261908815
2023-04-13,0.005486067082523466,0.005070511837127312
2023-04-14,0.004422039873309876,0.0047472164143877605
2023-04-17,0.004633559503716072,0.007972230170458526
2023-04-18,0.004317605637763581,0.007752828228916716
2023-04-19,0.004451635931967169,0.0094529049312269
2023-04-20,0.004787130402521562,0.008702385080894789
2023-04-21,0.007164960487936642,0.012615000558199186
2023-04-24,0.007255209112031764,0.008701625492040599
2023-04-25,0.008100861037032912,0.006604471777264457
2023-04-26,0.007310496516932028,0.007739385789656275
2023-04-27,0.006724681010766569,0.010376536422822373
2023-04-28,0.006092109003513702,0.009184785953249132
2023-05-04,0.006877883611395814,0.006237654135105399
2023-05-05,0.004673887505384855,0.00576176632335018
2023-05-08,0.00475735287196029,0.006418068556067309
2023-05-09,0.005490349249927173,0.008634691297587248
2023-05-10,0.00611092128967242,0.008078997381944274
2023-05-11,0.005714892493457437,0.008014358135242683
2023-05-12,0.006497151784691715,0.009528685122738549
2023-05-15,0.006746450055798666,0.01121784332825275
2023-05-16,0.007013780405747481,0.010904051021903725
2023-05-17,0.006924131468887315,0.010609754051058459
2023-05-18,0.006653299024970223,0.010615273912425918
2023-05-19,0.005821890321183751,0.00861933579566655
2023-05-22,0.005374930755247147,0.004623388426815102
2023-05-23,0.005451031987944799,0.007352594158125622
2023-05-24,0.005542864196392674,0.008786561339099552
2023-05-25,0.005367159019789968,0.008663228878661597
2023-05-26,0.005229367255627389,0.00897793643209203
2023-05-29,0.005014212767437977,0.006664682882054514
2023-05-30,0.0052491723249257945,0.0059509733414237495
2023-05-31,0.0056618367547959635,0.004478951060486494
2023-06-01,0.005979031645420903,0.0050997713506732425
2023-06-02,0.005096555943257097,0.009169701645275079
2023-06-05,0.005768780409876979,0.009188361289114974
2023-06-06,0.004963664945445715,0.010187612133990418
2023-06-07,0.004970963421897532,0.009293882249154796
2023-06-08,0.0050591458728249435,0.010065517397665695
2023-06-09,0.005796927819027293,0.007245659722556749
2023-06-12,0.004674824398926697,0.00709879717257516
2023-06-13,0.005177988672919791,0.0049405987829215375
2023-06-14,0.0057407140620799775,0.003194341534799869
2023-06-15,0.005042636725212579,0.0062205888985930515
2023-06-16,0.004578131944288429,0.0064269296505313255
2023-06-19,0.004201730224212752,0.009227920478198114
2023-06-20,0.00427165956082302,0.009596461704154506
2023-06-21,0.005324921248870728,0.01276115848725158
2023-06-26,0.006467787178547359,0.010249455291155918
2023-06-27,0.0068831831366651,0.010149610859317515
2023-06-28,0.006399216608512327,0.010250343099682716
2023-06-29,0.005218099782625049,0.010123734914590165
2023-06-30,0.005196555738739867,0.00914685195283701
2023-07-03,0.005844207990505411,0.007423804208689883
2023-07-04,0.005528859215780739,0.006904749495543099
2023-07-05,0.005324309642864286,0.008324557569550974
2023-07-06,0.004882216975698202,0.00870176305448651
2023-07-07,0.004554862514678076,0.008605558960981342
2023-07-10,0.0035921564565523055,0.005480095902932275
2023-07-11,0.0037722097152001273,0.006714493121108415
2023-07-12,0.0036171562725350014,0.0064904228883487704
2023-07-13,0.003399883459502381,0.008570932463837895
2023-07-14,0.004624213682796035,0.007795771778128716
2023-07-17,0.003875999559520643,0.009386525570177912
2023-07-18,0.003984238470519442,0.009006196623400693
2023-07-19,0.004430909303379153,0.008396113464267201
2023-07-20,0.006361245167189024,0.003660452980667336
2023-07-21,0.006284490839807046,0.0034914866733266334
2023-07-24,0.004457435823783985,0.0026608770586705466
2023-07-25,0.0028487372955953477,0.014607943490135958
2023-07-26,0.00403613437810017,0.014688531640183695
2023-07-27,0.0036181211728468425,0.013899039217777614
2023-07-28,0.004128748837542755,0.015818766829872575
2023-07-31,0.005260147621202232,0.014296342470103734
2023-08-01,0.005531317384634931,0.011171781574492527
2023-08-02,0.0052297204805881094,0.01205759470620983
2023-08-03,0.004625624219503333,0.01196629347319745
2023-08-04,0.004436723290343147,0.006707286093068692
2023-08-07,0.004456140504174348,0.0072436061944515205
2023-08-08,0.004331419381636086,0.007119516490643691
2023-08-09,0.00359269887224377,0.006454527742003693
2023-08-10,0.0034348590856248177,0.00453356208565813
2023-08-11,0.004905530084309126,0.009659412009809201
2023-08-14,0.005005641534567039,0.009655026138611114
2023-08-15,0.0049909657270517166,0.009674940813554371
2023-08-16,0.004963584391531767,0.00945350101236105
2023-08-17,0.004006301356742711,0.009794457319742983
2023-08-18,0.003967694211092161,0.005915087077451355
2023-08-21,0.004939385575858715,0.007244236447334394
2023-08-22,0.005152054906619714,0.009703921052185755
2023-08-23,0.004966871630834161,0.011089031417297621
2023-08-24,0.005129661410908497,0.012044122738914595
2023-08-25,0.004787784180920327,0.01145307289048803
2023-08-28,0.00323343379750137,0.01144695587348236
2023-08-29,0.004142528039246913,0.01180915842598198
2023-08-30,0.004274607740621338,0.006755769197635104
2023-08-31,0.00456191709143022,0.008124862519213264
2023-09-01,0.004334377430281401,0.007510401213938558
2023-09-04,0.006557222483600469,0.008443866645941605
2023-09-05,0.004515989518418705,0.009461831615277654
2023-09-06,0.00475537715121904,0.00958780723664242
2023-09-07,0.005126882458322919,0.01156654646654662
2023-09-08,0.00491214492303667,0.01090040945921511
2023-09-11,0.005040006125538284,0.007840932878980337
2023-09-12,0.005662885432547087,0.007668085201823705
2023-09-13,0.005836573653028976,0.007766949565122367
2023-09-14,0.005632428848170112,0.005347467022357751
2023-09-15,0.005984579285074416,0.0056786969437674145
2023-09-18,0.006094308093370767,0.004802021560598486
2023-09-19,0.004900308489098038,0.004800893283942386
2023-09-20,0.0055841972601542045,0.00437391892742045
2023-09-21,0.005715732252209854,0.0053894116281054845
2023-09-22,0.006544647914822019,0.010489196806845518
2023-09-25,0.006418832193588826,0.01081747285982639
2023-09-26,0.006348697670847987,0.011071185858748068
2023-09-27,0.006642022319272634,0.01105424064291829
2023-09-28,0.005954220537260845,0.010156890907008453
2023-10-09,0.004381588187959637,0.003495003166091463
2023-10-10,0.004305299915644145,0.003765110631667072
2023-10-11,0.004021529050304037,0.0041709336367325945
2023-10-12,0.0036812430884179907,0.006419364591467171
2023-10-13,0.003934123229830055,0.008018365636090504
2023-10-16,0.0026378335104058877,0.008898792128592178
2023-10-17,0.004281280395834477,0.00891770977849404
2023-10-18,0.004220859670887003,0.009072847278481353
2023-10-19,0.006426578561126197,0.008852304034474274
2023-10-20,0.006607834107580658,0.008891684566499908
2023-10-23,0.006484637579985184,0.00890645930343537
2023-10-24,0.005918530836022825,0.008967703542382695
2023-10-25,0.004333718424901663,0.010828332322957863
2023-10-26,0.0038540864002209103,0.0068855358201578695
2023-10-27,0.00419137238157786,0.008630059631763411
2023-10-30,0.004802325992671852,0.004366615303802288
2023-10-31,0.004244354735801578,0.006091557073179043
2023-11-01,0.005631497900314585,0.006528470084382425
2023-11-02,0.006095211970184213,0.007592008300247071
2023-11-03,0.006849299600076535,0.005738670347488503
2023-11-06,0.005426384182587522,0.007885998404418367
2023-11-07,0.004749099261837059,0.007961307625724468
2023-11-08,0.004922772773364331,0.0081988781707057
2023-11-09,0.005197570059787895,0.007381751392083317
2023-11-10,0.005224594765352119,0.007975432335943876
2023-11-13,0.0054422741217885475,0.0028397241876623896
2023-11-14,0.004833025673204171,0.0032330656697899837
2023-11-15,0.0034496917146222177,0.005174155993114744
2023-11-16,0.0034044049327425813,0.006627115993568345
2023-11-17,0.00342115575252489,0.005994602057512295
2023-11-20,0.003331263182201626,0.0061281339111714005
2023-11-21,0.0032395222093354386,0.006155247711454332
2023-11-22,0.00474325422726751,0.006037923227879512
2023-11-23,0.004616845306167038,0.005805292314358719
2023-11-24,0.00448316414730818,0.006416568198640121
2023-11-27,0.003886988263726788,0.006373419638598877
2023-11-28,0.005404464772570114,0.006482804974455875
2023-11-29,0.005230731564007476,0.006084470671006652
2023-11-30,0.005317411671015625,0.005299883283397521
2023-12-01,0.006004340484338999,0.005057255678648586
2023-12-04,0.006336540744450954,0.004892437330031309
2023-12-05,0.004941774050335373,0.0078030649943765336
2023-12-06,0.005456931845715416,0.00861322048928141
2023-12-07,0.005747934096669908,0.007827401339061013
2023-12-08,0.006111979998084613,0.008716729718832047
2023-12-11,0.0038183522876985287,0.009802547132293948
2023-12-12,0.004415823772483707,0.0029653361912801574
2023-12-13,0.00465062125637903,0.008865825085955415
2023-12-14,0.004968685101980231,0.00900826896588353
2023-12-15,0.004949355582170162,0.008616624213922503
2023-12-18,0.00447180804692931,0.006941949459537331
2023-12-19,0.0038470139567770983,0.006746737169244959
2023-12-20,0.0037503722050471933,0.004461127000164627
2023-12-21,0.006473762608511899,0.007742178049823576
2023-12-22,0.005680341401382406,0.00776448600796764
2023-12-25,0.007358532084368744,0.007605754002338759
2023-12-26,0.007970124331348676,0.008366324907282553
2023-12-27,0.007807244890633717,0.006031368997942392
2023-12-28,0.007030995641377286,0.011111890074546648
2023-12-29,0.006885516197445069,0.010982919663973582
2024-01-02,0.006865187562779049,0.013894175936448133
2024-01-03,0.006367282120836231,0.0132962941846177
2024-01-04,0.006813656175243748,0.01441726381442009
2024-01-05,0.006015449592038099,0.006835043123291637
2024-01-08,0.006581593067872454,0.004694831841491661
2024-01-09,0.00705184495394104,0.005802316998797263
2024-01-10,0.006831838242683515,0.00557084388269829
2024-01-11,0.006876539770400418,0.007185246540004009
2024-01-12,0.006521186122720238,0.007084095608933792
2024-01-15,0.0067857235773836335,0.004193030039250055
2024-01-16,0.006787657543745602,0.0050650448535892265
2024-01-17,0.006974288730157008,0.011328300045514817
2024-01-18,0.009533656382622385,0.013378538501885069
2024-01-19,0.009332239403752563,0.013323121746142278
2024-01-22,0.008232551754074151,0.01487626829866977
2024-01-23,0.00777385806371062,0.014565469208893943
2024-01-24,0.007066134007799228,0.01235445360166194
2024-01-25,0.0062992187338089915,0.013883374683809877
2024-01-26,0.006306017380659945,0.014017947362752293
2024-01-29,0.0055062710738110485,0.011863851821320033
2024-01-30,0.005553646234765361,0.015813050128729536
2024-01-31,0.0061565803695985254,0.014349207488588393
2024-02-01,0.006595848750864365,0.00710995311808548
2024-02-02,0.0061406436793262666,0.006708228529800103
2024-02-05,0.008032234531475281,0.009824286529535422
2024-02-06,0.007891056113657703,0.01862224597763338
2024-02-07,0.00795233891960269,0.017084553217610543
2024-02-08,0.008473124939324115,0.01666863330503941
2024-02-19,0.008871822064489549,0.01193591365769367
2024-02-20,0.006940797713899824,0.012752926097505533
2024-02-21,0.007023680063043607,0.004510701972636831
2024-02-22,0.0061029376773914555,0.004476002088315806
2024-02-23,0.005650287161865013,0.005629530622943526
2024-02-26,0.005889123880212568,0.009044856784554696
2024-02-27,0.005914668644850718,0.00986208397221696
2024-02-28,0.008324763553197043,0.01106222685987207
2024-02-29,0.007704253358348049,0.01382222515452602
2024-03-01,0.007208964967635116,0.013940675996734795
2024-03-04,0.007338087698849796,0.012044920501997102
2024-03-05,0.007124847703066277,0.01152043953660849
2024-03-06,0.005645659557593076,0.008648947118447247
2024-03-07,0.005922477898650826,0.005847149433655246
2024-03-08,0.004759039682353186,0.005462808425479631
2024-03-11,0.004998448000397,0.007720038457103439
2024-03-12,0.006062502178143656,0.007356365765968867
2024-03-13,0.005744800742065583,0.008026472652915662
2024-03-14,0.0059280357232630145,0.007414791709955838
2024-03-15,0.006988125558640363,0.007299561540255993
2024-03-18,0.007521083372092386,0.006161600369147057
2024-03-19,0.0067627817910811,0.006993339052905982
2024-03-20,0.006598597800890786,0.006218299113893571
2024-03-21,0.005719236197579113,0.006022118574513969
2024-03-22,0.006016562204036793,0.007715078186099331
2024-03-25,0.00587583641252587,0.004858662687064474
2024-03-26,0.006074321456542266,0.006028753394818521
2024-03-27,0.005627759753527854,0.006797563120964039
2024-03-28,0.006505226433382465,0.008082189420998726
2024-03-29,0.006968278016778751,0.007700746494374335
2024-04-01,0.006293687788374441,0.010000177974986108
2024-04-02,0.006088807720621609,0.010580359383821545
2024-04-03,0.006146037975167278,0.008376787138431126
2024-04-08,0.004915726584430853,0.00994869017837432
2024-04-09,0.00454625973595747,0.00972865500854359
2024-04-10,0.0049830405529854745,0.0033299148933902713
2024-04-11,0.005047034581941756,0.004029151213401068
2024-04-12,0.004222499690637488,0.004325878946542754
2024-04-15,0.0057033496001562415,0.011976361667837557
2024-04-16,0.006238956938636503,0.013069687601990537
2024-04-17,0.006499945084321909,0.014153717473295729
2024-04-18,0.006697766730391373,0.014078453312708645
2024-04-19,0.006271930395144717,0.014031892603968756
2024-04-22,0.006398980588883088,0.010266297123921922
2024-04-23,0.006003132025565592,0.009493907066897206
2024-04-24,0.006184363902494275,0.0052644575838366025
2024-04-25,0.005912361071103327,0.005502306569578558
2024-04-26,0.005570452660365715,0.008484537323384661
2024-04-29,0.005564951871883863,0.008557963534475391
2024-04-30,0.0053053512324727995,0.007996670679503532
2024-05-06,0.004771364283962468,0.008925241932199365
2024-05-07,0.004852043607932983,0.009282706827071125
2024-05-08,0.004791921194731883,0.010000020049244867
2024-05-09,0.0031232657712059043,0.00968182039291365
2024-05-10,0.003486864748228321,0.008841724462622576
2024-05-13,0.003972941625615758,0.006147061337518366
2024-05-14,0.0038010848539941204,0.006247075520607436
2024-05-15,0.003965275428862753,0.006438546862698521
2024-05-16,0.0047965171811495564,0.004567787977140842
2024-05-17,0.004435698627454208,0.0070085474531623995
2024-05-20,0.006188796120413974,0.007078361810774411
2024-05-21,0.005017654643751039,0.007365206456472388
2024-05-22,0.004845597825159563,0.005108656714669935
2024-05-23,0.0045461227653162736,0.008282185098302522
2024-05-24,0.004810107949381845,0.007125696592839351
2024-05-27,0.006054675341097267,0.008995655154038067
2024-05-28,0.0061288490181934914,0.00920768826381566
2024-05-29,0.006032474181137814,0.009050354525841978
2024-05-30,0.006128790706950471,0.008096019823883542
2024-05-31,0.006049669070592196,0.006752382156126396
2024-06-03,0.0059674128990234165,0.0042303930202214155
2024-06-04,0.0062647817447195895,0.005181882049749647
2024-06-05,0.006124381077837862,0.005803751544392891
2024-06-06,0.006935596105921026,0.005295641853840293
2024-06-07,0.007368713767643067,0.005504806678235287
2024-06-11,0.006463552364853584,0.006311953896669044
2024-06-12,0.006086018303034961,0.0037572282707390493
2024-06-13,0.005875512285978879,0.0036862722664053283
2024-06-14,0.005966065459358745,0.005166946529608602
2024-06-17,0.004962046738562091,0.0050274052572067286
2024-06-18,0.004545010243644492,0.003679446102150087
2024-06-19,0.004801177063786753,0.0042720928858258535
2024-06-20,0.00539236237674931,0.004866376333381649
2024-06-21,0.005467553390100334,0.0037058847871084583
2024-06-24,0.006452252330784727,0.0038229298343052088
2024-06-25,0.00645058479884021,0.0018189912062285872
2024-06-26,0.005406702940390815,0.005462892402736701
2024-06-27,0.005039328859053492,0.005524025579302077
2024-06-28,0.005267284350968917,0.0059745955929447
2024-07-01,0.005521501446295663,0.0062310627953400585
2024-07-02,0.00490612553708127,0.005608567796170858
2024-07-03,0.004747745393128749,0.004704633921664424
2024-07-04,0.0053005450593132655,0.003918999245029688
2024-07-05,0.006047982865009516,0.0038887831265966197
2024-07-08,0.005622561434679272,0.002651613697649702
2024-07-09,0.005548689965910189,0.007604915214220991
2024-07-10,0.005951320216632108,0.007626289038610826
2024-07-11,0.006541630974271434,0.00932938367800787
2024-07-12,0.005918394560287064,0.00881251946964217
2024-07-15,0.0058283391205991445,0.006585053240209118
2024-07-16,0.004337683995760419,0.005613909592134398
2024-07-17,0.004606328041990048,0.004634484555303627
2024-07-18,0.005311989289920752,0.002668861667597119
2024-07-19,0.005780561219667332,0.0025792402949995972
2024-07-22,0.005726786681747367,0.005467241190327864
2024-07-23,0.006553584280144111,0.011238181761674038
2024-07-24,0.007151322075275734,0.01101786615104854
2024-07-25,0.007179547903915424,0.009432532003608102
2024-07-26,0.006159186626969412,0.008756167442160652
2024-07-29,0.005946447582378628,0.00880091914464959
2024-07-30,0.005811356811235352,0.003976024795809454
2024-07-31,0.00612179761841396,0.011869890346670485
2024-08-01,0.006047556944859627,0.012040170419092463
2024-08-02,0.0054440030486901944,0.012971503377955069
2024-08-05,0.006782313232096321,0.013811343244059523
2024-08-06,0.006622134415634754,0.013689279734919877
2024-08-07,0.006582611814463965,0.005506208092602093
2024-08-08,0.006486658542047021,0.006142520482813854
2024-08-09,0.006555127703549397,0.005249620583774441
2024-08-12,0.004639476661097313,0.0015309677619336573
2024-08-13,0.004288172290355507,0.0022415272115931246
2024-08-14,0.004500377542162359,0.003854981503963994
2024-08-15,0.005494140282561977,0.006625863082353373
2024-08-16,0.006366617110116772,0.006358587119297433
2024-08-19,0.006728334053520273,0.006249215110523355
2024-08-20,0.006803251190358379,0.007408304694494735
2024-08-21,0.005910631214214131,0.006533702260187378
2024-08-22,0.00608311177317068,0.00411346789345161
2024-08-23,0.006345613043019143,0.004829674302185024
2024-08-26,0.005149694815564591,0.004170198406144383
2024-08-27,0.005191033983645259,0.0037129988831030576
2024-08-28,0.006264421070401447,0.004112269634519085
2024-08-29,0.005112932172783021,0.00411598958709186
2024-08-30,0.005895200629796288,0.007911900966233421
2024-09-02,0.00596417150866593,0.010908575329875204
2024-09-03,0.005764979782085353,0.01112647969941571
2024-09-04,0.005779675846974599,0.011200539385358288
2024-09-05,0.005969518287341559,0.011310804292760292
2024-09-06,0.004395434141842877,0.008017945024668155
2024-09-09,0.004678306260184422,0.006330885410971788
2024-09-10,0.0057040772542643215,0.0058904700921175585
2024-09-11,0.005759717065110023,0.005841945002327517
2024-09-12,0.006079728982104818,0.00489048563876959
2024-09-13,0.005419789707156636,0.004632177491173506
2024-09-18,0.005281949375316433,0.003536614235414082
2024-09-19,0.005932117538149315,0.00549963054869205
2024-09-20,0.005964832951331405,0.005241480356446331
2024-09-23,0.005745475885871159,0.00439425200109319
2024-09-24,0.0056849091903386885,0.01763675589775256
2024-09-25,0.006712389000943123,0.017017082962119907
2024-09-26,0.008346953010161385,0.02041442519797227
2024-09-27,0.007551492141199882,0.019153531496598004
2024-09-30,0.005967780231897498,0.02501805045909851
2024-10-08,0.006941302262832904,0.025606964165262928
2024-10-09,0.009788428264638924,0.05981451431144724
2024-10-10,0.009293207419118332,0.060147359189847246
2024-10-11,0.007112636161092647,0.06309296592974835
2024-10-14,0.006096659462743177,0.04927725311339005
2024-10-15,0.008940710405697534,0.03574606698961598
2024-10-16,0.006556973728406324,0.02119689723545384
2024-10-17,0.0055714449597475445,0.019019252738437156
2024-10-18,0.006735317793672412,0.02511650705303285
2024-10-21,0.006772912432002807,0.023365774263172122
2024-10-22,0.006883825233976377,0.018520166698753643
2024-10-23,0.007038153320017773,0.017439947202099765
2024-10-24,0.00840759582332703,0.017399969052611028
2024-10-25,0.007260308064263543,0.007344399651738397
2024-10-28,0.006533065091315496,0.007330465779833356
2024-10-29,0.006380250317131259,0.008348657406771107
2024-10-30,0.00548256112689776,0.008191725558396184
2024-10-31,0.006569647583791498,0.00732896131264198
2024-11-01,0.006710448299163155,0.005638566783422401
2024-11-04,0.006862460020649075,0.009664151408638466
2024-11-05,0.006770975361677021,0.013529638123065206
2024-11-06,0.007828593425300954,0.01250504164380174
2024-11-07,0.006934327872443968,0.015392642253581047
2024-11-08,0.006821566400849169,0.017895369899943937
2024-11-11,0.00452558843753598,0.017875941585861345
2024-11-12,0.004584719101802878,0.01715894219273114
2024-11-13,0.004361693385852534,0.01671506226013227
2024-11-14,0.004273745932525727,0.010867456324246008
2024-11-15,0.005260146558915771,0.01215278074304529
2024-11-18,0.005310037564180689,0.009932873714074192
2024-11-19,0.005543626800597625,0.011939625696916284
2024-11-20,0.0060537053899259495,0.011095396643642619
2024-11-21,0.007285165558319638,0.009341189508200643
2024-11-22,0.006951715823357687,0.014993348462861275
2024-11-25,0.00698812750107342,0.014994202364688366
2024-11-26,0.006582828586072211,0.013720209962389682
2024-11-27,0.0069474286547201135,0.017423774204264175
2024-11-28,0.0064949467309143,0.017303523371489087
2024-11-29,0.007064337098773942,0.011177059664590039
2024-12-02,0.006794087941609303,0.01053588059591949
2024-12-03,0.006455643033078587,0.010082306398629854
2024-12-04,0.006136395341346348,0.008555374862034606
2024-12-05,0.006330264894064142,0.006988976118801901
2024-12-06,0.005484298825370266,0.007570662221994786
2024-12-09,0.006239877647013634,0.007180705210628473
2024-12-10,0.0026282605834773657,0.007725888861377834
