Date,China,Hongkong,Japan,US
2005-01-01,0.3158513307571411,0.0146907595917582,0.1469075977802276,2.7471721172332764
2005-02-01,0.5244207978248596,0.0078271757811307,0.3130870461463928,3.0995616912841797
2005-03-01,0.4135417342185974,0.0140183642506599,0.1471928209066391,2.5233054161071777
2005-04-01,0.2882696390151977,0.0073915291577577,0.1182644665241241,2.6092097759246826
2005-05-01,0.3606983125209808,0.0216418989002704,0.3318424522876739,2.8278746604919434
2005-06-01,0.3697404563426971,0.0147896176204085,0.1922650337219238,2.42549729347229
2005-07-01,0.609167218208313,0.0594309493899345,0.4531609714031219,4.100735664367676
2005-08-01,0.3742690086364746,0.0155945420265197,0.2339181303977966,3.0955166816711426
2005-09-01,0.3776004612445831,0.0142490742728114,0.2351097166538238,2.8355658054351807
2005-10-01,0.2590129375457763,0.0210010502487421,0.11900594830513,2.632131576538086
2005-11-01,0.3939692378044128,0.0454579889774322,0.1742556244134903,2.318357467651367
2005-12-01,0.1875879317522049,0.0312646552920341,0.0859778001904487,2.860715866088867
2006-01-01,0.6576460599899292,0.0453549027442932,0.1209464073181152,2.728853225708008
2006-02-01,0.3529034256935119,0.0240615978837013,0.1042669266462326,2.6547963619232178
2006-03-01,0.5779929161071777,0.0216747336089611,0.1517231464385986,2.7960407733917236
2006-04-01,0.4777794778347015,0.0075838011689484,0.1061732172966003,2.4344000816345215
2006-05-01,0.6160632967948914,0.0228171590715646,0.0988743528723716,2.6467905044555664
2006-06-01,0.5448545813560486,0.0153480162844061,0.2302202433347702,2.8010129928588867
2006-07-01,0.6765899658203125,0.0159197635948658,0.4935126900672912,3.589906930923462
2006-08-01,0.3884880542755127,0.0237849839031696,0.110996589064598,3.480535984039306
2006-09-01,0.4614674746990204,0.0153822489082813,0.192278116941452,3.430241584777832
2006-10-01,0.9803204536437988,0.0438949465751647,0.7096349596977234,3.1165411472320557
2006-11-01,0.4319987595081329,0.030857054516673,0.2314279079437255,2.514849901199341
2006-12-01,0.4332688450813293,0.0386847183108329,0.239845260977745,2.669245719909668
2007-01-01,0.3990922570228576,0.0313013531267643,0.1643321067094802,3.153611421585083
2007-02-01,0.5853332281112671,0.0167238060384988,0.3093904256820678,3.0102851390838623
2007-03-01,0.4371090531349182,0.030145451426506,0.2034817934036255,2.547290563583374
2007-04-01,0.3882511854171753,0.0253207292407751,0.1603646129369735,2.5067522525787354
2007-05-01,0.3606237769126892,0.0097465887665748,0.1169590651988983,2.9239766597747803
2007-06-01,0.3703703582286834,0.0088183423504233,0.1499118208885193,3.095238208770752
2007-07-01,0.2884044349193573,0.0169649664312601,0.1696496754884719,3.163966417312622
2007-08-01,0.2148826122283935,0.0238758455961942,0.1352964639663696,2.4035017490386963
2007-09-01,0.552987813949585,0.0165070984512567,0.2310993671417236,2.9795312881469727
2007-10-01,0.5122367739677429,0.0162614844739437,0.1870070695877075,3.227904796600342
2007-11-01,0.3869968950748443,0.0171998627483844,0.1461988240480423,2.545579671859741
2007-12-01,0.3476749360561371,0.0521512404084205,0.1129943504929542,2.7900912761688232
2008-01-01,0.3205699026584625,0.0356188789010047,0.1602849513292312,2.689225196838379
2008-02-01,0.2998364567756653,0.0090859532356262,0.0999454855918884,2.6985280513763428
2008-03-01,0.3262642621994018,0.0171718038618564,0.1030308231711387,2.3181934356689453
2008-04-01,0.2697599232196808,0.0,0.1258879601955413,2.292959213256836
2008-05-01,0.4724549949169159,0.0178284905850887,0.1069709360599517,2.192904233932495
2008-06-01,0.3026577234268188,0.009458053857088,0.1418707966804504,2.4590938091278076
2008-07-01,0.5517908930778503,0.0,0.2613746225833893,2.778315544128418
2008-08-01,0.3955767452716827,0.0089903799816966,0.1528364717960357,2.5352871417999268
2008-09-01,0.414861261844635,0.0645339712500572,0.1936019212007522,2.655112028121948
2008-10-01,0.2531645596027374,0.0271247737109661,0.1537070572376251,1.8354430198669431
2008-11-01,0.2799227833747864,0.0289575289934873,0.1158301159739494,2.277992248535156
2008-12-01,0.2580245733261108,0.030962947756052,0.0722468793392181,2.5492827892303467
2009-01-01,0.2614904940128326,0.0201146528124809,0.0905159413814544,2.1422104835510254
2009-02-01,0.3557184338569641,0.0,0.1832488924264907,2.198986768722534
2009-03-01,0.2484595477581024,0.0099383816123008,0.1291989684104919,1.9976147413253784
2009-04-01,0.4442094266414642,0.0211528297513723,0.2961395978927612,2.4114224910736084
2009-05-01,0.3298288881778717,0.0824572220444679,0.3504432141780853,2.7107813358306885
2009-06-01,0.4700615704059601,0.0335758253931999,0.1790710687637329,2.5069949626922607
2009-07-01,0.4523888230323791,0.0662032440304756,0.2537791132926941,2.39435076713562
2009-08-01,0.3789989948272705,0.0334410890936851,0.144911378622055,2.1067886352539062
2009-09-01,0.6193934082984924,0.0747543796896934,0.1174711659550666,2.616403341293335
2009-10-01,0.4599815905094147,0.0102218138054013,0.1942144483327865,2.7803332805633545
2009-11-01,0.3762631714344024,0.0107503766193985,0.1290045082569122,2.3220813274383545
2009-12-01,0.4364906251430511,0.0109122656285762,0.1964207738637924,2.9681360721588135
2010-01-01,0.467899888753891,0.0435255728662014,0.1849836707115173,2.807399272918701
2010-02-01,0.5832263827323914,0.0233290567994117,0.0816516950726509,2.4728798866271973
2010-03-01,0.3930130898952484,0.0,0.1528384238481521,2.1069869995117188
2010-04-01,0.62576824426651,0.0111744329333305,0.0893954634666442,2.547770738601685
2010-05-01,0.669980525970459,0.021612275391817,0.2701534330844879,2.939269542694092
2010-06-01,0.4436860084533691,0.0341296941041946,0.1592718958854675,3.2650740146636963
2010-07-01,0.244555726647377,0.0116455107927322,0.0465820431709289,2.3174567222595215
2010-08-01,0.3936068713665008,0.0477099232375621,0.1550572514533996,2.5882632732391357
2010-09-01,0.3752985298633575,0.0568634122610092,0.2388263344764709,2.2176730632781982
2010-10-01,0.3281812369823456,0.0,0.1693838685750961,2.011433362960815
2010-11-01,0.7007958292961121,0.0593894757330417,0.2613137066364288,2.87445068359375
2010-12-01,0.555949866771698,0.0236574411392211,0.2365743964910507,2.7915780544281006
2011-01-01,0.4805438220500946,0.0117205809801816,0.1172058135271072,2.297234058380127
2011-02-01,0.3690036833286285,0.0127242654561996,0.0763455927371978,2.4176104068756104
2011-03-01,0.440722793340683,0.0771264880895614,0.4847950637340545,3.5147643089294434
2011-04-01,0.2698896825313568,0.0,0.2112180292606353,2.628490924835205
2011-05-01,0.2385821342468261,0.0,0.1363326460123062,3.169734239578247
2011-06-01,0.3735699355602264,0.0233481209725141,0.0933924838900566,2.7434041500091553
2011-07-01,0.3525678813457489,0.0235045254230499,0.1880362033843994,2.3269479274749756
2011-08-01,0.3735840022563934,0.0120510961860418,0.1084598675370216,2.4704747200012207
2011-09-01,0.2814919054508209,0.011728829704225,0.0821018069982528,2.43959641456604
2011-10-01,0.374663382768631,0.0117082307115197,0.0468329228460788,2.2011473178863525
2011-11-01,0.534635066986084,0.0,0.1743375211954116,2.522082805633545
2011-12-01,0.5992329716682434,0.0359539799392223,0.2277085334062576,2.5767018795013428
2012-01-01,0.6937218308448792,0.1156203001737594,0.2428026348352432,2.3933403491973877
2012-02-01,0.8308895230293274,0.0122189642861485,0.0977517142891883,2.6026391983032227
2012-03-01,0.6735518574714661,0.0336775928735733,0.1571621000766754,2.62685227394104
2012-04-01,0.916353404521942,0.0352443605661392,0.1879699230194091,2.6785714626312256
2012-05-01,0.5774216651916504,0.0117841148748993,0.1767617315053939,2.427527666091919
2012-06-01,0.5549389719963074,0.0123319765552878,0.0863238349556922,2.0594401359558105
2012-07-01,0.5569681525230408,0.0121080037206411,0.1089720278978347,2.361060619354248
2012-08-01,0.4512322247028351,0.011570056900382,0.1735508441925048,2.302441358566284
2012-09-01,0.3937893807888031,0.0112511254847049,0.1012601256370544,2.1039605140686035
2012-10-01,0.3561887741088867,0.0222617983818054,0.0779162943363189,2.3708815574645996
2012-11-01,0.3265128433704376,0.0217675231397151,0.1088376119732856,2.3182411193847656
2012-12-01,0.2987819015979767,0.0,0.1378993391990661,2.275338888168335
2013-01-01,0.4585578441619873,0.0,0.2292789220809936,2.453284502029419
2013-02-01,0.5248382687568665,0.0,0.2319052815437317,2.550958156585694
2013-03-01,0.3822212517261505,0.0218412149697542,0.1201266795396804,1.9329475164413452
2013-04-01,0.5787706971168518,0.0,0.3935640752315521,2.731797695159912
2013-05-01,0.3266550600528717,0.0435540080070495,0.1851045340299606,2.5370209217071533
2013-06-01,0.4565167725086212,0.0913033559918403,0.1369550377130508,2.5222551822662354
2013-07-01,0.3965393006801605,0.0480653680860996,0.1081470772624015,2.03076171875
2013-08-01,0.2954733371734619,0.023637868463993,0.0709136053919792,2.446519374847412
2013-09-01,0.4838528335094452,0.0,0.1350286900997162,3.0156407356262207
2013-10-01,0.4424778819084167,0.0442477874457836,0.1548672616481781,2.289823055267334
2013-11-01,0.6432748436927795,0.0584795325994491,0.1754385977983474,2.4210526943206787
2013-12-01,0.418010264635086,0.0238863006234169,0.1910904049873352,2.4364027976989746
2014-01-01,0.2845624983310699,0.0118567701429128,0.0829973891377449,2.5136353969573975
2014-02-01,0.4082137644290924,0.0123701142147183,0.0742206797003746,2.2018802165985107
2014-03-01,0.7417396903038025,0.0337154418230056,0.202292650938034,3.236682415008545
2014-04-01,0.3982140719890594,0.0120670925825834,0.217207670211792,2.66682767868042
2014-05-01,0.4775440692901611,0.0227401927113533,0.1819215416908264,2.512791395187378
2014-06-01,0.2634730637073517,0.0119760483503341,0.0598802380263805,2.85029935836792
2014-07-01,0.5165785551071167,0.0120134549215435,0.1201345473527908,3.5920231342315674
2014-08-01,0.2544529139995575,0.0,0.1332848668098449,3.1988368034362793
2014-09-01,0.3828209042549133,0.0717789232730865,0.1794473081827163,3.62483549118042
2014-10-01,0.2460024654865265,0.0447277203202247,0.0559096485376358,2.3929331302642822
2014-11-01,0.4654493331909179,0.0358037948608398,0.1790189743041992,2.4107887744903564
2014-12-01,0.2785162627696991,0.0379794910550117,0.1392581313848495,2.430687427520752
2015-01-01,0.3355271518230438,0.0258097816258668,0.2193831503391266,3.1875081062316895
2015-02-01,0.4478029608726501,0.0,0.223901480436325,3.37251615524292
2015-03-01,0.5593385100364685,0.0,0.0851167291402816,3.343871593475342
2015-04-01,0.4661123752593994,0.025195263326168,0.1763668358325958,3.174603223800659
2015-05-01,0.3356539011001587,0.0124316262081265,0.1491795182228088,2.2998507022857666
2015-06-01,0.3891555368900299,0.0129718510434031,0.0778311043977737,2.685173273086548
2015-07-01,0.8151459097862244,0.0,0.0657375752925872,3.352616310119629
2015-08-01,0.5364511609077454,0.0275103170424699,0.192572221159935,2.9023382663726807
2015-09-01,0.530152440071106,0.0265076216310262,0.1192842945456504,3.3267064094543457
2015-10-01,0.3290275335311889,0.0365586169064044,0.0853034332394599,3.144041061401367
2015-11-01,0.5914826393127441,0.065720297396183,0.1577287018299102,4.140378475189209
2015-12-01,0.5183467268943787,0.1091256290674209,0.1500477492809295,4.610558032989502
2016-01-01,0.5681818127632141,0.0541125535964965,0.284090906381607,3.3955628871917725
2016-02-01,0.5451936721801758,0.0286944042891263,0.2295552343130111,2.998565196990967
2016-03-01,0.5083612203598022,0.0267558526247739,0.3745819330215454,3.2775919437408447
2016-04-01,0.3796934187412262,0.0281254388391971,0.3796934187412262,3.051610231399536
2016-05-01,0.5294790863990784,0.0,0.2718946635723114,2.704636573791504
2016-06-01,0.3059975504875183,0.0305997543036937,0.1835985332727432,2.5703794956207275
2016-07-01,0.390352725982666,0.0418235063552856,0.2927645444869995,3.164645195007324
2016-08-01,0.2977519631385803,0.0148875983431935,0.1786511838436126,2.7690932750701904
2016-09-01,0.7349823117256165,0.0424028262495994,0.4240282773971557,3.307420492172241
2016-10-01,0.2572434246540069,0.0135391280055046,0.067695640027523,2.7078256607055664
2016-11-01,0.4583213925361633,0.0716127157211303,0.2864508628845215,2.5207676887512207
2016-12-01,0.5978647470474243,0.0142348753288388,0.1992882490158081,3.0462634563446045
2017-01-01,0.6883116960525513,0.038961037993431,0.2077922075986862,3.103896141052246
2017-02-01,0.8460739254951477,0.0445302054286003,0.5343624949455261,3.54757308959961
2017-03-01,0.7586658000946045,0.0654022246599197,0.457815557718277,2.864617347717285
2017-04-01,1.0282423496246338,0.0548395924270153,0.3153276741504669,3.304085493087769
2017-05-01,0.6946336030960083,0.0272405333817005,0.2587850689888,2.8330154418945312
2017-06-01,0.5773361921310425,0.0537056922912597,0.2416756153106689,3.772825002670288
2017-07-01,0.9431345462799072,0.0277392510324716,0.5547850131988525,3.1206657886505127
2017-08-01,1.2072148323059082,0.0852151662111282,0.7243289351463318,3.8630876541137695
2017-09-01,1.2751953601837158,0.1508295685052871,0.7815713882446289,3.400521039962769
2017-10-01,0.6529850959777832,0.0,0.2798507511615753,2.7452025413513184
2017-11-01,0.5712653398513794,0.0142816342413425,0.342759221792221,2.1850900650024414
2017-12-01,0.6537846922874451,0.0726427435874939,0.3632137179374695,2.28098201751709
2018-01-01,0.5726341009140015,0.015069318935275,0.150693193078041,2.456299066543579
2018-02-01,0.3832004964351654,0.0,0.1379521787166595,2.0846107006073
2018-03-01,0.7768067717552185,0.0554861985146999,0.3745318353176117,2.7326953411102295
2018-04-01,0.6782106757164001,0.0288600288331508,0.1875901818275451,2.7561328411102295
2018-05-01,1.3966082334518433,0.0570044182240963,0.4417842328548431,2.992732048034668
2018-06-01,0.8385446071624756,0.0142126204445958,0.4832291007041931,2.771461009979248
2018-07-01,0.5824111700057983,0.0145602794364094,0.2912055850028991,2.475247621536255
2018-08-01,0.6636500954627991,0.045248869806528,0.2564102709293365,2.6696832180023193
2018-09-01,0.5688447952270508,0.0437572933733463,0.1604434102773666,1.86697781085968
2018-10-01,0.7131650447845459,0.0427899025380611,0.1711596101522445,2.1537582874298096
2018-11-01,0.5520046353340149,0.043579313904047,0.174317255616188,1.8739105463027952
2018-12-01,0.5407910943031311,0.0618046969175338,0.0463535226881504,2.30222487449646
2019-01-01,0.8722649216651917,0.0739207565784454,0.1330573558807373,2.365464210510254
2019-02-01,0.9983633160591124,0.0490998364984989,0.1963993459939956,2.716857671737671
2019-03-01,0.5782017707824707,0.0433651357889175,0.086730271577835,2.2983522415161133
2019-04-01,0.4148739874362945,0.0307314079254865,0.276582658290863,2.1665642261505127
2019-05-01,0.8356961607933044,0.104462020099163,0.4029249250888824,2.745858907699585
2019-06-01,0.9513742327690125,0.0906070694327354,0.6946541666984558,2.6276049613952637
2019-07-01,0.6628788113594055,0.1420454531908035,0.4103535413742065,2.5410354137420654
2019-08-01,1.1367127895355225,0.4147465527057647,0.599078357219696,3.3794162273406982
2019-09-01,0.4964228272438049,0.1168053746223449,0.2482114136219024,2.4091107845306396
2019-10-01,0.517092764377594,0.1005458235740661,0.2154553234577179,2.599827527999878
2019-11-01,0.4441041350364685,0.2143951058387756,0.1684532910585403,2.3277182579040527
2019-12-01,0.5560851693153381,0.1429933309555053,0.1747696250677108,1.8271369934082031
2020-01-01,0.89552241563797,0.1099764332175254,0.2513746917247772,3.770620584487915
2020-02-01,1.0351626873016355,0.1807426810264587,0.4272100031375885,2.2674992084503174
2020-03-01,0.9335943460464478,0.1054058149456977,0.3162174224853515,2.845957040786743
2020-04-01,0.9231234788894652,0.0907990336418151,0.1815980672836303,2.406174421310425
2020-05-01,1.084441900253296,0.4193175137042999,0.0867553502321243,2.7038750648498535
2020-06-01,0.6881785988807678,0.2752714455127716,0.1070500090718269,2.3398072719573975
2020-07-01,0.8861320614814758,0.3692216873168945,0.1919952780008316,2.215330123901367
2020-08-01,0.5569837093353271,0.199942871928215,0.2427877783775329,1.9851471185684204
2020-09-01,0.6860551834106445,0.1342281848192215,0.1938851624727249,2.147650957107544
2020-10-01,0.2679452896118164,0.0282047670334577,0.0705119147896766,1.9602313041687012
2020-11-01,0.4027446210384369,0.1044152751564979,0.0894988030195236,1.819809079170227
2020-12-01,0.4795050323009491,0.1392111331224441,0.0773395225405693,2.0262954235076904
2021-01-01,0.5164251923561096,0.0573805756866931,0.1434514373540878,2.2234973907470703
2021-02-01,0.5529354214668274,0.0975768417119979,0.1301024556159973,1.870222806930542
2021-03-01,0.7567888498306274,0.1187119781970977,0.2225849479436874,1.9439085721969604
2021-04-01,0.5830903649330139,0.0,0.0767224207520484,2.132883310317993
2021-05-01,0.4451698958873749,0.0148389972746372,0.0890339836478233,2.522629499435425
2021-06-01,0.5518763661384583,0.11037527769804,0.0788394808769226,2.1286659240722656
2021-07-01,0.4611836969852447,0.0768639519810676,0.0768639519810676,1.6756341457366943
2021-08-01,0.4856650531291961,0.046999841928482,0.046999841928482,2.130659580230713
2021-09-01,0.6832298040390015,0.1397515535354614,0.3260869681835174,2.329192638397217
2021-10-01,0.5788067579269409,0.0445235967636108,0.1632531881332397,1.9293558597564695
2021-11-01,0.5034919381141663,0.0324833504855632,0.0812083780765533,1.9002760648727417
2021-12-01,0.6255012154579163,0.1283079385757446,0.2566158771514892,2.502004861831665
2022-01-01,0.5946640968322754,0.0,0.160720020532608,3.0697524547576904
2022-02-01,1.2469236850738523,0.1148482337594032,0.6234618425369263,4.331418991088867
2022-03-01,1.8261394500732424,0.1056444346904754,0.4527618587017059,6.006640434265137
2022-04-01,1.0752688646316528,0.0962927266955375,0.2728294134140014,4.525758266448975
2022-05-01,1.0244989395141602,0.1336302906274795,0.6087601780891418,3.563474416732788
2022-06-01,0.9876543283462524,0.0617283955216407,0.5092592835426331,3.564814805984497
2022-07-01,0.8302004933357239,0.0626566410064697,0.2349624037742614,3.4774436950683594
2022-08-01,1.3558781147003174,0.3030786514282226,0.7497208714485168,4.290955543518066
2022-09-01,1.2601120471954346,0.155569389462471,0.3578095734119415,4.029246807098389
2022-10-01,1.3505311012268066,0.0910470411181449,0.5311077237129211,4.643399238586426
2022-11-01,1.140918850898743,0.1387604027986526,0.3083564639091491,3.6077706813812256
2022-12-01,0.746640145778656,0.0165920034050941,0.1991040259599685,3.434544563293457
2023-01-01,0.5522088408470154,0.0,0.2175368070602417,2.928380250930786
2023-02-01,1.4616755247116089,0.0178253110498189,0.3921568691730499,3.6185383796691895
2023-03-01,1.4299967288970947,0.0997672080993652,0.3325573801994324,3.4253408908843994
2023-04-01,1.1246145963668823,0.0362778902053833,0.3446399271488189,3.1743152141571045
2023-05-01,0.8981497883796692,0.0718519836664199,0.3772229254245758,3.125561237335205
2023-06-01,1.094619631767273,0.0927643775939941,0.1855287551879882,3.5992579460144043
2023-07-01,1.229966402053833,0.1118151322007179,0.2981736958026886,3.391725778579712
2023-08-01,0.8068953156471252,0.0916926488280296,0.1650467664003372,2.6407482624053955
2023-09-01,0.7795100212097168,0.0927988141775131,0.2227171510457992,2.505568027496338
2023-10-01,0.975350260734558,0.0709345638751983,0.1950700432062149,4.965419292449951
2023-11-01,0.8242284655570984,0.0575043112039566,0.2875215709209442,5.002875328063965
2023-12-01,0.7623403668403625,0.0571755282580852,0.1524680703878402,4.478749752044678
2024-01-01,0.7966805100440979,0.0497925318777561,0.3153527081012726,4.049792766571045
2024-02-01,0.6699879765510559,0.0171791780740022,0.120254248380661,3.762240171432495
2024-03-01,0.7568590641021729,0.0,0.1734468638896942,3.3585619926452637
2024-04-01,0.6323847770690918,0.0332834087312221,0.2662672698497772,3.844233751296997
2024-05-01,0.8587943911552429,0.016515277326107,0.1486374884843826,3.74896788597107
2024-06-01,0.6829918622970581,0.0333166755735874,0.1999000459909439,3.08179235458374
2024-07-01,0.47161865234375,0.0505305714905262,0.1347481906414032,2.4759979248046875
2024-08-01,0.5922026634216309,0.0493502207100391,0.0822503715753555,3.65191650390625
2024-09-01,0.6975585222244263,0.0166085362434387,0.1660853624343872,3.30509877204895
2024-10-01,0.7274490594863892,0.032331071794033,0.2586485743522644,3.1522793769836426
2024-11-01,0.8202099800109863,0.0984251946210861,0.1640419960021972,3.34645676612854
2024-12-01,0.7962610125541687,0.0,0.1557902097702026,4.0332350730896
2025-01-01,0.7106263637542725,0.0991571620106697,0.2478929162025451,3.2391340732574463
2025-02-01,0.7028641700744629,0.0175716038793325,0.1932876408100128,3.0398874282836914
2025-03-01,0.8789829015731812,0.0470883697271347,0.1412651091814041,3.971119165420532
2025-04-01,0.9311286211013794,0.0160539411008358,0.288970947265625,3.933215618133545
2025-05-01,0.9197999238967896,0.0806841999292373,0.1290947198867797,4.550589084625244
2025-06-01,1.137675166130066,0.0,0.3957131206989288,4.9793901443481445
2025-07-01,0.7002456784248352,0.0368550382554531,0.2457002401351928,2.690417766571045
2025-08-01,0.5463786721229553,0.0254129599779844,0.2541296184062958,2.9606099128723145
2025-09-01,0.5961992144584656,0.0124208172783255,0.1987330764532089,2.670475721359253
